

================================================================
== Vitis HLS Report for 'mm2s'
================================================================
* Date:           Sun Feb  8 07:38:06 2026

* Version:        2023.1.2 (Build 3928128 on Aug  8 2023)
* Project:        mm2s
* Solution:       solution (Vitis Kernel Flow Target)
* Product family: versalaicore
* Target device:  xcvc1902-vsvd1760-2MP-e-S


================================================================
== Performance Estimates
================================================================
+ Timing: 
    * Summary: 
    +--------+---------+----------+------------+
    |  Clock |  Target | Estimated| Uncertainty|
    +--------+---------+----------+------------+
    |ap_clk  |  3.33 ns|  2.433 ns|     0.90 ns|
    +--------+---------+----------+------------+

+ Latency: 
    * Summary: 
    +---------+-----------+----------+-----------+-----+-----------+---------+
    |   Latency (cycles)  |  Latency (absolute)  |     Interval    | Pipeline|
    |   min   |    max    |    min   |    max    | min |    max    |   Type  |
    +---------+-----------+----------+-----------+-----+-----------+---------+
    |       79|  536870990|  0.263 us|  1.789 sec|   80|  536870991|       no|
    +---------+-----------+----------+-----------+-----+-----------+---------+

    + Detail: 
        * Instance: 
        N/A

        * Loop: 
        N/A

============================================================
+ Verbose Summary: Synthesis Manager
============================================================
InlineROM: 1
ExposeGlobal: 0
============================================================
+ Verbose Summary: CDFG Model
============================================================
IsTopModel: 1
ResetActiveHigh: 1
IsCombinational: 0
IsDatapathOnly: 0
HasWiredReturn: 1
HasMFsm: 0
HasVarLatency: 1
IsPipeline: 0
IsRtlPipelined: 0
IsInstanceOverlapped: 0
IsDontTouch: 0
HasImplIP: 0
IsGatedGlobalClock: 0


============================================================
+ Verbose Summary: Schedule
============================================================
* Number of FSM states : 77
* Pipeline : 0
* Dataflow Pipeline: 0

* FSM state transitions: 
1 --> 2 
2 --> 3 
3 --> 4 
4 --> 5 
5 --> 6 
6 --> 7 
7 --> 8 
8 --> 9 
9 --> 10 
10 --> 11 
11 --> 12 
12 --> 13 
13 --> 14 
14 --> 15 
15 --> 16 
16 --> 17 
17 --> 18 
18 --> 19 
19 --> 20 
20 --> 21 
21 --> 22 
22 --> 23 
23 --> 24 
24 --> 25 
25 --> 26 
26 --> 27 
27 --> 28 
28 --> 29 
29 --> 30 
30 --> 31 
31 --> 32 
32 --> 33 
33 --> 34 
34 --> 35 
35 --> 36 
36 --> 37 
37 --> 38 
38 --> 39 
39 --> 40 
40 --> 41 
41 --> 42 
42 --> 43 
43 --> 44 
44 --> 45 
45 --> 46 
46 --> 47 
47 --> 48 
48 --> 49 
49 --> 50 
50 --> 51 
51 --> 52 
52 --> 53 
53 --> 54 
54 --> 55 
55 --> 56 
56 --> 57 
57 --> 58 
58 --> 59 
59 --> 60 
60 --> 61 
61 --> 62 
62 --> 63 
63 --> 64 
64 --> 65 
65 --> 66 
66 --> 67 
67 --> 68 
68 --> 69 
69 --> 70 
70 --> 71 
71 --> 72 
72 --> 73 
73 --> 74 
74 --> 75 
75 --> 76 
76 --> 77 
77 --> 

* FSM state operations: 

State 1 <SV = 0> <Delay = 1.89>
ST_1 : Operation 78 [1/1] (1.00ns)   --->   "%size_read = read i32 @_ssdm_op_Read.ap_none.i32, i32 %size" [/home/gsorrentino/projects/voted_hdl/voted/fpga/mm2s.cpp:31]   --->   Operation 78 'read' 'size_read' <Predicate = true> <Delay = 1.00> <CoreInst = "s_axilite">   --->   Core 126 's_axilite' <Latency = 0> <II = 1> <Delay = 1.00> <Adapter> <Opcode : 'read' 'write'>
ST_1 : Operation 79 [1/1] (0.00ns)   --->   "%tmp = bitselect i1 @_ssdm_op_BitSelect.i1.i32.i32, i32 %size_read, i32 31" [/home/gsorrentino/projects/voted_hdl/voted/fpga/mm2s.cpp:31]   --->   Operation 79 'bitselect' 'tmp' <Predicate = true> <Delay = 0.00>
ST_1 : Operation 80 [1/1] (0.89ns)   --->   "%p_neg = sub i32 0, i32 %size_read" [/home/gsorrentino/projects/voted_hdl/voted/fpga/mm2s.cpp:31]   --->   Operation 80 'sub' 'p_neg' <Predicate = true> <Delay = 0.89> <CoreInst = "Adder">   --->   Core 1 'Adder' <Latency = 0> <II = 1> <Delay = 0.89> <FuncUnit> <Opcode : 'add' 'sub'> <InPorts = 2> <OutPorts = 1>
ST_1 : Operation 81 [1/1] (0.00ns)   --->   "%p_lshr_cast = partselect i30 @_ssdm_op_PartSelect.i30.i32.i32.i32, i32 %p_neg, i32 2, i32 31" [/home/gsorrentino/projects/voted_hdl/voted/fpga/mm2s.cpp:31]   --->   Operation 81 'partselect' 'p_lshr_cast' <Predicate = true> <Delay = 0.00>
ST_1 : Operation 82 [1/1] (0.00ns)   --->   "%p_lshr_f_cast = partselect i30 @_ssdm_op_PartSelect.i30.i32.i32.i32, i32 %size_read, i32 2, i32 31" [/home/gsorrentino/projects/voted_hdl/voted/fpga/mm2s.cpp:31]   --->   Operation 82 'partselect' 'p_lshr_f_cast' <Predicate = true> <Delay = 0.00>

State 2 <SV = 1> <Delay = 1.29>
ST_2 : Operation 83 [1/1] (0.00ns)   --->   "%p_lshr_cast_cast = zext i30 %p_lshr_cast" [/home/gsorrentino/projects/voted_hdl/voted/fpga/mm2s.cpp:31]   --->   Operation 83 'zext' 'p_lshr_cast_cast' <Predicate = (tmp)> <Delay = 0.00>
ST_2 : Operation 84 [1/1] (0.89ns)   --->   "%p_neg_t = sub i31 0, i31 %p_lshr_cast_cast" [/home/gsorrentino/projects/voted_hdl/voted/fpga/mm2s.cpp:31]   --->   Operation 84 'sub' 'p_neg_t' <Predicate = (tmp)> <Delay = 0.89> <CoreInst = "Adder">   --->   Core 1 'Adder' <Latency = 0> <II = 1> <Delay = 0.89> <FuncUnit> <Opcode : 'add' 'sub'> <InPorts = 2> <OutPorts = 1>
ST_2 : Operation 85 [1/1] (0.00ns)   --->   "%p_lshr_f_cast_cast = zext i30 %p_lshr_f_cast" [/home/gsorrentino/projects/voted_hdl/voted/fpga/mm2s.cpp:31]   --->   Operation 85 'zext' 'p_lshr_f_cast_cast' <Predicate = (!tmp)> <Delay = 0.00>
ST_2 : Operation 86 [1/1] (0.40ns)   --->   "%div = select i1 %tmp, i31 %p_neg_t, i31 %p_lshr_f_cast_cast" [/home/gsorrentino/projects/voted_hdl/voted/fpga/mm2s.cpp:31]   --->   Operation 86 'select' 'div' <Predicate = true> <Delay = 0.40> <CoreInst = "Sel">   --->   Core 77 'Sel' <Latency = 0> <II = 1> <Delay = 0.40> <FuncUnit> <Opcode : 'select'> <InPorts = 3> <OutPorts = 1>
ST_2 : Operation 87 [1/1] (0.00ns)   --->   "%trunc_ln47 = trunc i31 %div" [/home/gsorrentino/projects/voted_hdl/voted/fpga/mm2s.cpp:47]   --->   Operation 87 'trunc' 'trunc_ln47' <Predicate = true> <Delay = 0.00>

State 3 <SV = 2> <Delay = 1.31>
ST_3 : Operation 88 [1/1] (1.00ns)   --->   "%inputB_read = read i64 @_ssdm_op_Read.s_axilite.i64, i64 %inputB" [/home/gsorrentino/projects/voted_hdl/voted/fpga/mm2s.cpp:31]   --->   Operation 88 'read' 'inputB_read' <Predicate = true> <Delay = 1.00> <CoreInst = "s_axilite">   --->   Core 126 's_axilite' <Latency = 0> <II = 1> <Delay = 1.00> <Adapter> <Opcode : 'read' 'write'>
ST_3 : Operation 89 [1/1] (1.00ns)   --->   "%inputA_read = read i64 @_ssdm_op_Read.s_axilite.i64, i64 %inputA" [/home/gsorrentino/projects/voted_hdl/voted/fpga/mm2s.cpp:31]   --->   Operation 89 'read' 'inputA_read' <Predicate = true> <Delay = 1.00> <CoreInst = "s_axilite">   --->   Core 126 's_axilite' <Latency = 0> <II = 1> <Delay = 1.00> <Adapter> <Opcode : 'read' 'write'>
ST_3 : Operation 90 [1/1] (0.89ns)   --->   "%icmp_ln47 = icmp_sgt  i31 %div, i31 0" [/home/gsorrentino/projects/voted_hdl/voted/fpga/mm2s.cpp:47]   --->   Operation 90 'icmp' 'icmp_ln47' <Predicate = true> <Delay = 0.89> <CoreInst = "Cmp">   --->   Core 9 'Cmp' <Latency = 0> <II = 1> <Delay = 0.89> <FuncUnit> <Opcode : 'icmp'> <InPorts = 2> <OutPorts = 1>
ST_3 : Operation 91 [1/1] (0.00ns)   --->   "%trunc_ln = partselect i60 @_ssdm_op_PartSelect.i60.i64.i32.i32, i64 %inputA_read, i32 4, i32 63" [/home/gsorrentino/projects/voted_hdl/voted/fpga/mm2s.cpp:47]   --->   Operation 91 'partselect' 'trunc_ln' <Predicate = true> <Delay = 0.00>
ST_3 : Operation 92 [1/1] (0.42ns)   --->   "%empty = select i1 %icmp_ln47, i30 %trunc_ln47, i30 0" [/home/gsorrentino/projects/voted_hdl/voted/fpga/mm2s.cpp:47]   --->   Operation 92 'select' 'empty' <Predicate = true> <Delay = 0.42> <CoreInst = "Sel">   --->   Core 77 'Sel' <Latency = 0> <II = 1> <Delay = 0.42> <FuncUnit> <Opcode : 'select'> <InPorts = 3> <OutPorts = 1>
ST_3 : Operation 93 [1/1] (0.00ns)   --->   "%trunc_ln47_1 = partselect i60 @_ssdm_op_PartSelect.i60.i64.i32.i32, i64 %inputB_read, i32 4, i32 63" [/home/gsorrentino/projects/voted_hdl/voted/fpga/mm2s.cpp:47]   --->   Operation 93 'partselect' 'trunc_ln47_1' <Predicate = true> <Delay = 0.00>

State 4 <SV = 3> <Delay = 2.43>
ST_4 : Operation 94 [1/1] (0.00ns)   --->   "%sext_ln47 = sext i60 %trunc_ln" [/home/gsorrentino/projects/voted_hdl/voted/fpga/mm2s.cpp:47]   --->   Operation 94 'sext' 'sext_ln47' <Predicate = true> <Delay = 0.00>
ST_4 : Operation 95 [1/1] (0.00ns)   --->   "%gmem1_addr = getelementptr i128 %gmem1, i64 %sext_ln47" [/home/gsorrentino/projects/voted_hdl/voted/fpga/mm2s.cpp:47]   --->   Operation 95 'getelementptr' 'gmem1_addr' <Predicate = true> <Delay = 0.00>
ST_4 : Operation 96 [1/1] (0.00ns)   --->   "%zext_ln47 = zext i30 %empty" [/home/gsorrentino/projects/voted_hdl/voted/fpga/mm2s.cpp:47]   --->   Operation 96 'zext' 'zext_ln47' <Predicate = true> <Delay = 0.00>
ST_4 : Operation 97 [71/71] (2.43ns)   --->   "%empty_23 = readreq i1 @_ssdm_op_ReadReq.m_axi.p1i128, i128 %gmem1_addr, i32 %zext_ln47" [/home/gsorrentino/projects/voted_hdl/voted/fpga/mm2s.cpp:47]   --->   Operation 97 'readreq' 'empty_23' <Predicate = true> <Delay = 2.43> <CoreInst = "m_axi">   --->   Core 125 'm_axi' <Latency = 0> <II = 1> <Delay = 1.00> <Adapter> <Opcode : 'read' 'write' 'readreq' 'writereq' 'writeresp'>
ST_4 : Operation 98 [1/1] (0.00ns)   --->   "%sext_ln47_1 = sext i60 %trunc_ln47_1" [/home/gsorrentino/projects/voted_hdl/voted/fpga/mm2s.cpp:47]   --->   Operation 98 'sext' 'sext_ln47_1' <Predicate = true> <Delay = 0.00>
ST_4 : Operation 99 [1/1] (0.00ns)   --->   "%gmem2_addr = getelementptr i128 %gmem2, i64 %sext_ln47_1" [/home/gsorrentino/projects/voted_hdl/voted/fpga/mm2s.cpp:47]   --->   Operation 99 'getelementptr' 'gmem2_addr' <Predicate = true> <Delay = 0.00>
ST_4 : Operation 100 [71/71] (2.43ns)   --->   "%empty_24 = readreq i1 @_ssdm_op_ReadReq.m_axi.p1i128, i128 %gmem2_addr, i32 %zext_ln47" [/home/gsorrentino/projects/voted_hdl/voted/fpga/mm2s.cpp:47]   --->   Operation 100 'readreq' 'empty_24' <Predicate = true> <Delay = 2.43> <CoreInst = "m_axi">   --->   Core 125 'm_axi' <Latency = 0> <II = 1> <Delay = 1.00> <Adapter> <Opcode : 'read' 'write' 'readreq' 'writereq' 'writeresp'>

State 5 <SV = 4> <Delay = 2.43>
ST_5 : Operation 101 [70/71] (2.43ns)   --->   "%empty_23 = readreq i1 @_ssdm_op_ReadReq.m_axi.p1i128, i128 %gmem1_addr, i32 %zext_ln47" [/home/gsorrentino/projects/voted_hdl/voted/fpga/mm2s.cpp:47]   --->   Operation 101 'readreq' 'empty_23' <Predicate = true> <Delay = 2.43> <CoreInst = "m_axi">   --->   Core 125 'm_axi' <Latency = 0> <II = 1> <Delay = 1.00> <Adapter> <Opcode : 'read' 'write' 'readreq' 'writereq' 'writeresp'>
ST_5 : Operation 102 [70/71] (2.43ns)   --->   "%empty_24 = readreq i1 @_ssdm_op_ReadReq.m_axi.p1i128, i128 %gmem2_addr, i32 %zext_ln47" [/home/gsorrentino/projects/voted_hdl/voted/fpga/mm2s.cpp:47]   --->   Operation 102 'readreq' 'empty_24' <Predicate = true> <Delay = 2.43> <CoreInst = "m_axi">   --->   Core 125 'm_axi' <Latency = 0> <II = 1> <Delay = 1.00> <Adapter> <Opcode : 'read' 'write' 'readreq' 'writereq' 'writeresp'>

State 6 <SV = 5> <Delay = 2.43>
ST_6 : Operation 103 [69/71] (2.43ns)   --->   "%empty_23 = readreq i1 @_ssdm_op_ReadReq.m_axi.p1i128, i128 %gmem1_addr, i32 %zext_ln47" [/home/gsorrentino/projects/voted_hdl/voted/fpga/mm2s.cpp:47]   --->   Operation 103 'readreq' 'empty_23' <Predicate = true> <Delay = 2.43> <CoreInst = "m_axi">   --->   Core 125 'm_axi' <Latency = 0> <II = 1> <Delay = 1.00> <Adapter> <Opcode : 'read' 'write' 'readreq' 'writereq' 'writeresp'>
ST_6 : Operation 104 [69/71] (2.43ns)   --->   "%empty_24 = readreq i1 @_ssdm_op_ReadReq.m_axi.p1i128, i128 %gmem2_addr, i32 %zext_ln47" [/home/gsorrentino/projects/voted_hdl/voted/fpga/mm2s.cpp:47]   --->   Operation 104 'readreq' 'empty_24' <Predicate = true> <Delay = 2.43> <CoreInst = "m_axi">   --->   Core 125 'm_axi' <Latency = 0> <II = 1> <Delay = 1.00> <Adapter> <Opcode : 'read' 'write' 'readreq' 'writereq' 'writeresp'>

State 7 <SV = 6> <Delay = 2.43>
ST_7 : Operation 105 [68/71] (2.43ns)   --->   "%empty_23 = readreq i1 @_ssdm_op_ReadReq.m_axi.p1i128, i128 %gmem1_addr, i32 %zext_ln47" [/home/gsorrentino/projects/voted_hdl/voted/fpga/mm2s.cpp:47]   --->   Operation 105 'readreq' 'empty_23' <Predicate = true> <Delay = 2.43> <CoreInst = "m_axi">   --->   Core 125 'm_axi' <Latency = 0> <II = 1> <Delay = 1.00> <Adapter> <Opcode : 'read' 'write' 'readreq' 'writereq' 'writeresp'>
ST_7 : Operation 106 [68/71] (2.43ns)   --->   "%empty_24 = readreq i1 @_ssdm_op_ReadReq.m_axi.p1i128, i128 %gmem2_addr, i32 %zext_ln47" [/home/gsorrentino/projects/voted_hdl/voted/fpga/mm2s.cpp:47]   --->   Operation 106 'readreq' 'empty_24' <Predicate = true> <Delay = 2.43> <CoreInst = "m_axi">   --->   Core 125 'm_axi' <Latency = 0> <II = 1> <Delay = 1.00> <Adapter> <Opcode : 'read' 'write' 'readreq' 'writereq' 'writeresp'>

State 8 <SV = 7> <Delay = 2.43>
ST_8 : Operation 107 [67/71] (2.43ns)   --->   "%empty_23 = readreq i1 @_ssdm_op_ReadReq.m_axi.p1i128, i128 %gmem1_addr, i32 %zext_ln47" [/home/gsorrentino/projects/voted_hdl/voted/fpga/mm2s.cpp:47]   --->   Operation 107 'readreq' 'empty_23' <Predicate = true> <Delay = 2.43> <CoreInst = "m_axi">   --->   Core 125 'm_axi' <Latency = 0> <II = 1> <Delay = 1.00> <Adapter> <Opcode : 'read' 'write' 'readreq' 'writereq' 'writeresp'>
ST_8 : Operation 108 [67/71] (2.43ns)   --->   "%empty_24 = readreq i1 @_ssdm_op_ReadReq.m_axi.p1i128, i128 %gmem2_addr, i32 %zext_ln47" [/home/gsorrentino/projects/voted_hdl/voted/fpga/mm2s.cpp:47]   --->   Operation 108 'readreq' 'empty_24' <Predicate = true> <Delay = 2.43> <CoreInst = "m_axi">   --->   Core 125 'm_axi' <Latency = 0> <II = 1> <Delay = 1.00> <Adapter> <Opcode : 'read' 'write' 'readreq' 'writereq' 'writeresp'>

State 9 <SV = 8> <Delay = 2.43>
ST_9 : Operation 109 [66/71] (2.43ns)   --->   "%empty_23 = readreq i1 @_ssdm_op_ReadReq.m_axi.p1i128, i128 %gmem1_addr, i32 %zext_ln47" [/home/gsorrentino/projects/voted_hdl/voted/fpga/mm2s.cpp:47]   --->   Operation 109 'readreq' 'empty_23' <Predicate = true> <Delay = 2.43> <CoreInst = "m_axi">   --->   Core 125 'm_axi' <Latency = 0> <II = 1> <Delay = 1.00> <Adapter> <Opcode : 'read' 'write' 'readreq' 'writereq' 'writeresp'>
ST_9 : Operation 110 [66/71] (2.43ns)   --->   "%empty_24 = readreq i1 @_ssdm_op_ReadReq.m_axi.p1i128, i128 %gmem2_addr, i32 %zext_ln47" [/home/gsorrentino/projects/voted_hdl/voted/fpga/mm2s.cpp:47]   --->   Operation 110 'readreq' 'empty_24' <Predicate = true> <Delay = 2.43> <CoreInst = "m_axi">   --->   Core 125 'm_axi' <Latency = 0> <II = 1> <Delay = 1.00> <Adapter> <Opcode : 'read' 'write' 'readreq' 'writereq' 'writeresp'>

State 10 <SV = 9> <Delay = 2.43>
ST_10 : Operation 111 [65/71] (2.43ns)   --->   "%empty_23 = readreq i1 @_ssdm_op_ReadReq.m_axi.p1i128, i128 %gmem1_addr, i32 %zext_ln47" [/home/gsorrentino/projects/voted_hdl/voted/fpga/mm2s.cpp:47]   --->   Operation 111 'readreq' 'empty_23' <Predicate = true> <Delay = 2.43> <CoreInst = "m_axi">   --->   Core 125 'm_axi' <Latency = 0> <II = 1> <Delay = 1.00> <Adapter> <Opcode : 'read' 'write' 'readreq' 'writereq' 'writeresp'>
ST_10 : Operation 112 [65/71] (2.43ns)   --->   "%empty_24 = readreq i1 @_ssdm_op_ReadReq.m_axi.p1i128, i128 %gmem2_addr, i32 %zext_ln47" [/home/gsorrentino/projects/voted_hdl/voted/fpga/mm2s.cpp:47]   --->   Operation 112 'readreq' 'empty_24' <Predicate = true> <Delay = 2.43> <CoreInst = "m_axi">   --->   Core 125 'm_axi' <Latency = 0> <II = 1> <Delay = 1.00> <Adapter> <Opcode : 'read' 'write' 'readreq' 'writereq' 'writeresp'>

State 11 <SV = 10> <Delay = 2.43>
ST_11 : Operation 113 [64/71] (2.43ns)   --->   "%empty_23 = readreq i1 @_ssdm_op_ReadReq.m_axi.p1i128, i128 %gmem1_addr, i32 %zext_ln47" [/home/gsorrentino/projects/voted_hdl/voted/fpga/mm2s.cpp:47]   --->   Operation 113 'readreq' 'empty_23' <Predicate = true> <Delay = 2.43> <CoreInst = "m_axi">   --->   Core 125 'm_axi' <Latency = 0> <II = 1> <Delay = 1.00> <Adapter> <Opcode : 'read' 'write' 'readreq' 'writereq' 'writeresp'>
ST_11 : Operation 114 [64/71] (2.43ns)   --->   "%empty_24 = readreq i1 @_ssdm_op_ReadReq.m_axi.p1i128, i128 %gmem2_addr, i32 %zext_ln47" [/home/gsorrentino/projects/voted_hdl/voted/fpga/mm2s.cpp:47]   --->   Operation 114 'readreq' 'empty_24' <Predicate = true> <Delay = 2.43> <CoreInst = "m_axi">   --->   Core 125 'm_axi' <Latency = 0> <II = 1> <Delay = 1.00> <Adapter> <Opcode : 'read' 'write' 'readreq' 'writereq' 'writeresp'>

State 12 <SV = 11> <Delay = 2.43>
ST_12 : Operation 115 [63/71] (2.43ns)   --->   "%empty_23 = readreq i1 @_ssdm_op_ReadReq.m_axi.p1i128, i128 %gmem1_addr, i32 %zext_ln47" [/home/gsorrentino/projects/voted_hdl/voted/fpga/mm2s.cpp:47]   --->   Operation 115 'readreq' 'empty_23' <Predicate = true> <Delay = 2.43> <CoreInst = "m_axi">   --->   Core 125 'm_axi' <Latency = 0> <II = 1> <Delay = 1.00> <Adapter> <Opcode : 'read' 'write' 'readreq' 'writereq' 'writeresp'>
ST_12 : Operation 116 [63/71] (2.43ns)   --->   "%empty_24 = readreq i1 @_ssdm_op_ReadReq.m_axi.p1i128, i128 %gmem2_addr, i32 %zext_ln47" [/home/gsorrentino/projects/voted_hdl/voted/fpga/mm2s.cpp:47]   --->   Operation 116 'readreq' 'empty_24' <Predicate = true> <Delay = 2.43> <CoreInst = "m_axi">   --->   Core 125 'm_axi' <Latency = 0> <II = 1> <Delay = 1.00> <Adapter> <Opcode : 'read' 'write' 'readreq' 'writereq' 'writeresp'>

State 13 <SV = 12> <Delay = 2.43>
ST_13 : Operation 117 [62/71] (2.43ns)   --->   "%empty_23 = readreq i1 @_ssdm_op_ReadReq.m_axi.p1i128, i128 %gmem1_addr, i32 %zext_ln47" [/home/gsorrentino/projects/voted_hdl/voted/fpga/mm2s.cpp:47]   --->   Operation 117 'readreq' 'empty_23' <Predicate = true> <Delay = 2.43> <CoreInst = "m_axi">   --->   Core 125 'm_axi' <Latency = 0> <II = 1> <Delay = 1.00> <Adapter> <Opcode : 'read' 'write' 'readreq' 'writereq' 'writeresp'>
ST_13 : Operation 118 [62/71] (2.43ns)   --->   "%empty_24 = readreq i1 @_ssdm_op_ReadReq.m_axi.p1i128, i128 %gmem2_addr, i32 %zext_ln47" [/home/gsorrentino/projects/voted_hdl/voted/fpga/mm2s.cpp:47]   --->   Operation 118 'readreq' 'empty_24' <Predicate = true> <Delay = 2.43> <CoreInst = "m_axi">   --->   Core 125 'm_axi' <Latency = 0> <II = 1> <Delay = 1.00> <Adapter> <Opcode : 'read' 'write' 'readreq' 'writereq' 'writeresp'>

State 14 <SV = 13> <Delay = 2.43>
ST_14 : Operation 119 [61/71] (2.43ns)   --->   "%empty_23 = readreq i1 @_ssdm_op_ReadReq.m_axi.p1i128, i128 %gmem1_addr, i32 %zext_ln47" [/home/gsorrentino/projects/voted_hdl/voted/fpga/mm2s.cpp:47]   --->   Operation 119 'readreq' 'empty_23' <Predicate = true> <Delay = 2.43> <CoreInst = "m_axi">   --->   Core 125 'm_axi' <Latency = 0> <II = 1> <Delay = 1.00> <Adapter> <Opcode : 'read' 'write' 'readreq' 'writereq' 'writeresp'>
ST_14 : Operation 120 [61/71] (2.43ns)   --->   "%empty_24 = readreq i1 @_ssdm_op_ReadReq.m_axi.p1i128, i128 %gmem2_addr, i32 %zext_ln47" [/home/gsorrentino/projects/voted_hdl/voted/fpga/mm2s.cpp:47]   --->   Operation 120 'readreq' 'empty_24' <Predicate = true> <Delay = 2.43> <CoreInst = "m_axi">   --->   Core 125 'm_axi' <Latency = 0> <II = 1> <Delay = 1.00> <Adapter> <Opcode : 'read' 'write' 'readreq' 'writereq' 'writeresp'>

State 15 <SV = 14> <Delay = 2.43>
ST_15 : Operation 121 [60/71] (2.43ns)   --->   "%empty_23 = readreq i1 @_ssdm_op_ReadReq.m_axi.p1i128, i128 %gmem1_addr, i32 %zext_ln47" [/home/gsorrentino/projects/voted_hdl/voted/fpga/mm2s.cpp:47]   --->   Operation 121 'readreq' 'empty_23' <Predicate = true> <Delay = 2.43> <CoreInst = "m_axi">   --->   Core 125 'm_axi' <Latency = 0> <II = 1> <Delay = 1.00> <Adapter> <Opcode : 'read' 'write' 'readreq' 'writereq' 'writeresp'>
ST_15 : Operation 122 [60/71] (2.43ns)   --->   "%empty_24 = readreq i1 @_ssdm_op_ReadReq.m_axi.p1i128, i128 %gmem2_addr, i32 %zext_ln47" [/home/gsorrentino/projects/voted_hdl/voted/fpga/mm2s.cpp:47]   --->   Operation 122 'readreq' 'empty_24' <Predicate = true> <Delay = 2.43> <CoreInst = "m_axi">   --->   Core 125 'm_axi' <Latency = 0> <II = 1> <Delay = 1.00> <Adapter> <Opcode : 'read' 'write' 'readreq' 'writereq' 'writeresp'>

State 16 <SV = 15> <Delay = 2.43>
ST_16 : Operation 123 [59/71] (2.43ns)   --->   "%empty_23 = readreq i1 @_ssdm_op_ReadReq.m_axi.p1i128, i128 %gmem1_addr, i32 %zext_ln47" [/home/gsorrentino/projects/voted_hdl/voted/fpga/mm2s.cpp:47]   --->   Operation 123 'readreq' 'empty_23' <Predicate = true> <Delay = 2.43> <CoreInst = "m_axi">   --->   Core 125 'm_axi' <Latency = 0> <II = 1> <Delay = 1.00> <Adapter> <Opcode : 'read' 'write' 'readreq' 'writereq' 'writeresp'>
ST_16 : Operation 124 [59/71] (2.43ns)   --->   "%empty_24 = readreq i1 @_ssdm_op_ReadReq.m_axi.p1i128, i128 %gmem2_addr, i32 %zext_ln47" [/home/gsorrentino/projects/voted_hdl/voted/fpga/mm2s.cpp:47]   --->   Operation 124 'readreq' 'empty_24' <Predicate = true> <Delay = 2.43> <CoreInst = "m_axi">   --->   Core 125 'm_axi' <Latency = 0> <II = 1> <Delay = 1.00> <Adapter> <Opcode : 'read' 'write' 'readreq' 'writereq' 'writeresp'>

State 17 <SV = 16> <Delay = 2.43>
ST_17 : Operation 125 [58/71] (2.43ns)   --->   "%empty_23 = readreq i1 @_ssdm_op_ReadReq.m_axi.p1i128, i128 %gmem1_addr, i32 %zext_ln47" [/home/gsorrentino/projects/voted_hdl/voted/fpga/mm2s.cpp:47]   --->   Operation 125 'readreq' 'empty_23' <Predicate = true> <Delay = 2.43> <CoreInst = "m_axi">   --->   Core 125 'm_axi' <Latency = 0> <II = 1> <Delay = 1.00> <Adapter> <Opcode : 'read' 'write' 'readreq' 'writereq' 'writeresp'>
ST_17 : Operation 126 [58/71] (2.43ns)   --->   "%empty_24 = readreq i1 @_ssdm_op_ReadReq.m_axi.p1i128, i128 %gmem2_addr, i32 %zext_ln47" [/home/gsorrentino/projects/voted_hdl/voted/fpga/mm2s.cpp:47]   --->   Operation 126 'readreq' 'empty_24' <Predicate = true> <Delay = 2.43> <CoreInst = "m_axi">   --->   Core 125 'm_axi' <Latency = 0> <II = 1> <Delay = 1.00> <Adapter> <Opcode : 'read' 'write' 'readreq' 'writereq' 'writeresp'>

State 18 <SV = 17> <Delay = 2.43>
ST_18 : Operation 127 [57/71] (2.43ns)   --->   "%empty_23 = readreq i1 @_ssdm_op_ReadReq.m_axi.p1i128, i128 %gmem1_addr, i32 %zext_ln47" [/home/gsorrentino/projects/voted_hdl/voted/fpga/mm2s.cpp:47]   --->   Operation 127 'readreq' 'empty_23' <Predicate = true> <Delay = 2.43> <CoreInst = "m_axi">   --->   Core 125 'm_axi' <Latency = 0> <II = 1> <Delay = 1.00> <Adapter> <Opcode : 'read' 'write' 'readreq' 'writereq' 'writeresp'>
ST_18 : Operation 128 [57/71] (2.43ns)   --->   "%empty_24 = readreq i1 @_ssdm_op_ReadReq.m_axi.p1i128, i128 %gmem2_addr, i32 %zext_ln47" [/home/gsorrentino/projects/voted_hdl/voted/fpga/mm2s.cpp:47]   --->   Operation 128 'readreq' 'empty_24' <Predicate = true> <Delay = 2.43> <CoreInst = "m_axi">   --->   Core 125 'm_axi' <Latency = 0> <II = 1> <Delay = 1.00> <Adapter> <Opcode : 'read' 'write' 'readreq' 'writereq' 'writeresp'>

State 19 <SV = 18> <Delay = 2.43>
ST_19 : Operation 129 [56/71] (2.43ns)   --->   "%empty_23 = readreq i1 @_ssdm_op_ReadReq.m_axi.p1i128, i128 %gmem1_addr, i32 %zext_ln47" [/home/gsorrentino/projects/voted_hdl/voted/fpga/mm2s.cpp:47]   --->   Operation 129 'readreq' 'empty_23' <Predicate = true> <Delay = 2.43> <CoreInst = "m_axi">   --->   Core 125 'm_axi' <Latency = 0> <II = 1> <Delay = 1.00> <Adapter> <Opcode : 'read' 'write' 'readreq' 'writereq' 'writeresp'>
ST_19 : Operation 130 [56/71] (2.43ns)   --->   "%empty_24 = readreq i1 @_ssdm_op_ReadReq.m_axi.p1i128, i128 %gmem2_addr, i32 %zext_ln47" [/home/gsorrentino/projects/voted_hdl/voted/fpga/mm2s.cpp:47]   --->   Operation 130 'readreq' 'empty_24' <Predicate = true> <Delay = 2.43> <CoreInst = "m_axi">   --->   Core 125 'm_axi' <Latency = 0> <II = 1> <Delay = 1.00> <Adapter> <Opcode : 'read' 'write' 'readreq' 'writereq' 'writeresp'>

State 20 <SV = 19> <Delay = 2.43>
ST_20 : Operation 131 [55/71] (2.43ns)   --->   "%empty_23 = readreq i1 @_ssdm_op_ReadReq.m_axi.p1i128, i128 %gmem1_addr, i32 %zext_ln47" [/home/gsorrentino/projects/voted_hdl/voted/fpga/mm2s.cpp:47]   --->   Operation 131 'readreq' 'empty_23' <Predicate = true> <Delay = 2.43> <CoreInst = "m_axi">   --->   Core 125 'm_axi' <Latency = 0> <II = 1> <Delay = 1.00> <Adapter> <Opcode : 'read' 'write' 'readreq' 'writereq' 'writeresp'>
ST_20 : Operation 132 [55/71] (2.43ns)   --->   "%empty_24 = readreq i1 @_ssdm_op_ReadReq.m_axi.p1i128, i128 %gmem2_addr, i32 %zext_ln47" [/home/gsorrentino/projects/voted_hdl/voted/fpga/mm2s.cpp:47]   --->   Operation 132 'readreq' 'empty_24' <Predicate = true> <Delay = 2.43> <CoreInst = "m_axi">   --->   Core 125 'm_axi' <Latency = 0> <II = 1> <Delay = 1.00> <Adapter> <Opcode : 'read' 'write' 'readreq' 'writereq' 'writeresp'>

State 21 <SV = 20> <Delay = 2.43>
ST_21 : Operation 133 [54/71] (2.43ns)   --->   "%empty_23 = readreq i1 @_ssdm_op_ReadReq.m_axi.p1i128, i128 %gmem1_addr, i32 %zext_ln47" [/home/gsorrentino/projects/voted_hdl/voted/fpga/mm2s.cpp:47]   --->   Operation 133 'readreq' 'empty_23' <Predicate = true> <Delay = 2.43> <CoreInst = "m_axi">   --->   Core 125 'm_axi' <Latency = 0> <II = 1> <Delay = 1.00> <Adapter> <Opcode : 'read' 'write' 'readreq' 'writereq' 'writeresp'>
ST_21 : Operation 134 [54/71] (2.43ns)   --->   "%empty_24 = readreq i1 @_ssdm_op_ReadReq.m_axi.p1i128, i128 %gmem2_addr, i32 %zext_ln47" [/home/gsorrentino/projects/voted_hdl/voted/fpga/mm2s.cpp:47]   --->   Operation 134 'readreq' 'empty_24' <Predicate = true> <Delay = 2.43> <CoreInst = "m_axi">   --->   Core 125 'm_axi' <Latency = 0> <II = 1> <Delay = 1.00> <Adapter> <Opcode : 'read' 'write' 'readreq' 'writereq' 'writeresp'>

State 22 <SV = 21> <Delay = 2.43>
ST_22 : Operation 135 [53/71] (2.43ns)   --->   "%empty_23 = readreq i1 @_ssdm_op_ReadReq.m_axi.p1i128, i128 %gmem1_addr, i32 %zext_ln47" [/home/gsorrentino/projects/voted_hdl/voted/fpga/mm2s.cpp:47]   --->   Operation 135 'readreq' 'empty_23' <Predicate = true> <Delay = 2.43> <CoreInst = "m_axi">   --->   Core 125 'm_axi' <Latency = 0> <II = 1> <Delay = 1.00> <Adapter> <Opcode : 'read' 'write' 'readreq' 'writereq' 'writeresp'>
ST_22 : Operation 136 [53/71] (2.43ns)   --->   "%empty_24 = readreq i1 @_ssdm_op_ReadReq.m_axi.p1i128, i128 %gmem2_addr, i32 %zext_ln47" [/home/gsorrentino/projects/voted_hdl/voted/fpga/mm2s.cpp:47]   --->   Operation 136 'readreq' 'empty_24' <Predicate = true> <Delay = 2.43> <CoreInst = "m_axi">   --->   Core 125 'm_axi' <Latency = 0> <II = 1> <Delay = 1.00> <Adapter> <Opcode : 'read' 'write' 'readreq' 'writereq' 'writeresp'>

State 23 <SV = 22> <Delay = 2.43>
ST_23 : Operation 137 [52/71] (2.43ns)   --->   "%empty_23 = readreq i1 @_ssdm_op_ReadReq.m_axi.p1i128, i128 %gmem1_addr, i32 %zext_ln47" [/home/gsorrentino/projects/voted_hdl/voted/fpga/mm2s.cpp:47]   --->   Operation 137 'readreq' 'empty_23' <Predicate = true> <Delay = 2.43> <CoreInst = "m_axi">   --->   Core 125 'm_axi' <Latency = 0> <II = 1> <Delay = 1.00> <Adapter> <Opcode : 'read' 'write' 'readreq' 'writereq' 'writeresp'>
ST_23 : Operation 138 [52/71] (2.43ns)   --->   "%empty_24 = readreq i1 @_ssdm_op_ReadReq.m_axi.p1i128, i128 %gmem2_addr, i32 %zext_ln47" [/home/gsorrentino/projects/voted_hdl/voted/fpga/mm2s.cpp:47]   --->   Operation 138 'readreq' 'empty_24' <Predicate = true> <Delay = 2.43> <CoreInst = "m_axi">   --->   Core 125 'm_axi' <Latency = 0> <II = 1> <Delay = 1.00> <Adapter> <Opcode : 'read' 'write' 'readreq' 'writereq' 'writeresp'>

State 24 <SV = 23> <Delay = 2.43>
ST_24 : Operation 139 [51/71] (2.43ns)   --->   "%empty_23 = readreq i1 @_ssdm_op_ReadReq.m_axi.p1i128, i128 %gmem1_addr, i32 %zext_ln47" [/home/gsorrentino/projects/voted_hdl/voted/fpga/mm2s.cpp:47]   --->   Operation 139 'readreq' 'empty_23' <Predicate = true> <Delay = 2.43> <CoreInst = "m_axi">   --->   Core 125 'm_axi' <Latency = 0> <II = 1> <Delay = 1.00> <Adapter> <Opcode : 'read' 'write' 'readreq' 'writereq' 'writeresp'>
ST_24 : Operation 140 [51/71] (2.43ns)   --->   "%empty_24 = readreq i1 @_ssdm_op_ReadReq.m_axi.p1i128, i128 %gmem2_addr, i32 %zext_ln47" [/home/gsorrentino/projects/voted_hdl/voted/fpga/mm2s.cpp:47]   --->   Operation 140 'readreq' 'empty_24' <Predicate = true> <Delay = 2.43> <CoreInst = "m_axi">   --->   Core 125 'm_axi' <Latency = 0> <II = 1> <Delay = 1.00> <Adapter> <Opcode : 'read' 'write' 'readreq' 'writereq' 'writeresp'>

State 25 <SV = 24> <Delay = 2.43>
ST_25 : Operation 141 [50/71] (2.43ns)   --->   "%empty_23 = readreq i1 @_ssdm_op_ReadReq.m_axi.p1i128, i128 %gmem1_addr, i32 %zext_ln47" [/home/gsorrentino/projects/voted_hdl/voted/fpga/mm2s.cpp:47]   --->   Operation 141 'readreq' 'empty_23' <Predicate = true> <Delay = 2.43> <CoreInst = "m_axi">   --->   Core 125 'm_axi' <Latency = 0> <II = 1> <Delay = 1.00> <Adapter> <Opcode : 'read' 'write' 'readreq' 'writereq' 'writeresp'>
ST_25 : Operation 142 [50/71] (2.43ns)   --->   "%empty_24 = readreq i1 @_ssdm_op_ReadReq.m_axi.p1i128, i128 %gmem2_addr, i32 %zext_ln47" [/home/gsorrentino/projects/voted_hdl/voted/fpga/mm2s.cpp:47]   --->   Operation 142 'readreq' 'empty_24' <Predicate = true> <Delay = 2.43> <CoreInst = "m_axi">   --->   Core 125 'm_axi' <Latency = 0> <II = 1> <Delay = 1.00> <Adapter> <Opcode : 'read' 'write' 'readreq' 'writereq' 'writeresp'>

State 26 <SV = 25> <Delay = 2.43>
ST_26 : Operation 143 [49/71] (2.43ns)   --->   "%empty_23 = readreq i1 @_ssdm_op_ReadReq.m_axi.p1i128, i128 %gmem1_addr, i32 %zext_ln47" [/home/gsorrentino/projects/voted_hdl/voted/fpga/mm2s.cpp:47]   --->   Operation 143 'readreq' 'empty_23' <Predicate = true> <Delay = 2.43> <CoreInst = "m_axi">   --->   Core 125 'm_axi' <Latency = 0> <II = 1> <Delay = 1.00> <Adapter> <Opcode : 'read' 'write' 'readreq' 'writereq' 'writeresp'>
ST_26 : Operation 144 [49/71] (2.43ns)   --->   "%empty_24 = readreq i1 @_ssdm_op_ReadReq.m_axi.p1i128, i128 %gmem2_addr, i32 %zext_ln47" [/home/gsorrentino/projects/voted_hdl/voted/fpga/mm2s.cpp:47]   --->   Operation 144 'readreq' 'empty_24' <Predicate = true> <Delay = 2.43> <CoreInst = "m_axi">   --->   Core 125 'm_axi' <Latency = 0> <II = 1> <Delay = 1.00> <Adapter> <Opcode : 'read' 'write' 'readreq' 'writereq' 'writeresp'>

State 27 <SV = 26> <Delay = 2.43>
ST_27 : Operation 145 [48/71] (2.43ns)   --->   "%empty_23 = readreq i1 @_ssdm_op_ReadReq.m_axi.p1i128, i128 %gmem1_addr, i32 %zext_ln47" [/home/gsorrentino/projects/voted_hdl/voted/fpga/mm2s.cpp:47]   --->   Operation 145 'readreq' 'empty_23' <Predicate = true> <Delay = 2.43> <CoreInst = "m_axi">   --->   Core 125 'm_axi' <Latency = 0> <II = 1> <Delay = 1.00> <Adapter> <Opcode : 'read' 'write' 'readreq' 'writereq' 'writeresp'>
ST_27 : Operation 146 [48/71] (2.43ns)   --->   "%empty_24 = readreq i1 @_ssdm_op_ReadReq.m_axi.p1i128, i128 %gmem2_addr, i32 %zext_ln47" [/home/gsorrentino/projects/voted_hdl/voted/fpga/mm2s.cpp:47]   --->   Operation 146 'readreq' 'empty_24' <Predicate = true> <Delay = 2.43> <CoreInst = "m_axi">   --->   Core 125 'm_axi' <Latency = 0> <II = 1> <Delay = 1.00> <Adapter> <Opcode : 'read' 'write' 'readreq' 'writereq' 'writeresp'>

State 28 <SV = 27> <Delay = 2.43>
ST_28 : Operation 147 [47/71] (2.43ns)   --->   "%empty_23 = readreq i1 @_ssdm_op_ReadReq.m_axi.p1i128, i128 %gmem1_addr, i32 %zext_ln47" [/home/gsorrentino/projects/voted_hdl/voted/fpga/mm2s.cpp:47]   --->   Operation 147 'readreq' 'empty_23' <Predicate = true> <Delay = 2.43> <CoreInst = "m_axi">   --->   Core 125 'm_axi' <Latency = 0> <II = 1> <Delay = 1.00> <Adapter> <Opcode : 'read' 'write' 'readreq' 'writereq' 'writeresp'>
ST_28 : Operation 148 [47/71] (2.43ns)   --->   "%empty_24 = readreq i1 @_ssdm_op_ReadReq.m_axi.p1i128, i128 %gmem2_addr, i32 %zext_ln47" [/home/gsorrentino/projects/voted_hdl/voted/fpga/mm2s.cpp:47]   --->   Operation 148 'readreq' 'empty_24' <Predicate = true> <Delay = 2.43> <CoreInst = "m_axi">   --->   Core 125 'm_axi' <Latency = 0> <II = 1> <Delay = 1.00> <Adapter> <Opcode : 'read' 'write' 'readreq' 'writereq' 'writeresp'>

State 29 <SV = 28> <Delay = 2.43>
ST_29 : Operation 149 [46/71] (2.43ns)   --->   "%empty_23 = readreq i1 @_ssdm_op_ReadReq.m_axi.p1i128, i128 %gmem1_addr, i32 %zext_ln47" [/home/gsorrentino/projects/voted_hdl/voted/fpga/mm2s.cpp:47]   --->   Operation 149 'readreq' 'empty_23' <Predicate = true> <Delay = 2.43> <CoreInst = "m_axi">   --->   Core 125 'm_axi' <Latency = 0> <II = 1> <Delay = 1.00> <Adapter> <Opcode : 'read' 'write' 'readreq' 'writereq' 'writeresp'>
ST_29 : Operation 150 [46/71] (2.43ns)   --->   "%empty_24 = readreq i1 @_ssdm_op_ReadReq.m_axi.p1i128, i128 %gmem2_addr, i32 %zext_ln47" [/home/gsorrentino/projects/voted_hdl/voted/fpga/mm2s.cpp:47]   --->   Operation 150 'readreq' 'empty_24' <Predicate = true> <Delay = 2.43> <CoreInst = "m_axi">   --->   Core 125 'm_axi' <Latency = 0> <II = 1> <Delay = 1.00> <Adapter> <Opcode : 'read' 'write' 'readreq' 'writereq' 'writeresp'>

State 30 <SV = 29> <Delay = 2.43>
ST_30 : Operation 151 [45/71] (2.43ns)   --->   "%empty_23 = readreq i1 @_ssdm_op_ReadReq.m_axi.p1i128, i128 %gmem1_addr, i32 %zext_ln47" [/home/gsorrentino/projects/voted_hdl/voted/fpga/mm2s.cpp:47]   --->   Operation 151 'readreq' 'empty_23' <Predicate = true> <Delay = 2.43> <CoreInst = "m_axi">   --->   Core 125 'm_axi' <Latency = 0> <II = 1> <Delay = 1.00> <Adapter> <Opcode : 'read' 'write' 'readreq' 'writereq' 'writeresp'>
ST_30 : Operation 152 [45/71] (2.43ns)   --->   "%empty_24 = readreq i1 @_ssdm_op_ReadReq.m_axi.p1i128, i128 %gmem2_addr, i32 %zext_ln47" [/home/gsorrentino/projects/voted_hdl/voted/fpga/mm2s.cpp:47]   --->   Operation 152 'readreq' 'empty_24' <Predicate = true> <Delay = 2.43> <CoreInst = "m_axi">   --->   Core 125 'm_axi' <Latency = 0> <II = 1> <Delay = 1.00> <Adapter> <Opcode : 'read' 'write' 'readreq' 'writereq' 'writeresp'>

State 31 <SV = 30> <Delay = 2.43>
ST_31 : Operation 153 [44/71] (2.43ns)   --->   "%empty_23 = readreq i1 @_ssdm_op_ReadReq.m_axi.p1i128, i128 %gmem1_addr, i32 %zext_ln47" [/home/gsorrentino/projects/voted_hdl/voted/fpga/mm2s.cpp:47]   --->   Operation 153 'readreq' 'empty_23' <Predicate = true> <Delay = 2.43> <CoreInst = "m_axi">   --->   Core 125 'm_axi' <Latency = 0> <II = 1> <Delay = 1.00> <Adapter> <Opcode : 'read' 'write' 'readreq' 'writereq' 'writeresp'>
ST_31 : Operation 154 [44/71] (2.43ns)   --->   "%empty_24 = readreq i1 @_ssdm_op_ReadReq.m_axi.p1i128, i128 %gmem2_addr, i32 %zext_ln47" [/home/gsorrentino/projects/voted_hdl/voted/fpga/mm2s.cpp:47]   --->   Operation 154 'readreq' 'empty_24' <Predicate = true> <Delay = 2.43> <CoreInst = "m_axi">   --->   Core 125 'm_axi' <Latency = 0> <II = 1> <Delay = 1.00> <Adapter> <Opcode : 'read' 'write' 'readreq' 'writereq' 'writeresp'>

State 32 <SV = 31> <Delay = 2.43>
ST_32 : Operation 155 [43/71] (2.43ns)   --->   "%empty_23 = readreq i1 @_ssdm_op_ReadReq.m_axi.p1i128, i128 %gmem1_addr, i32 %zext_ln47" [/home/gsorrentino/projects/voted_hdl/voted/fpga/mm2s.cpp:47]   --->   Operation 155 'readreq' 'empty_23' <Predicate = true> <Delay = 2.43> <CoreInst = "m_axi">   --->   Core 125 'm_axi' <Latency = 0> <II = 1> <Delay = 1.00> <Adapter> <Opcode : 'read' 'write' 'readreq' 'writereq' 'writeresp'>
ST_32 : Operation 156 [43/71] (2.43ns)   --->   "%empty_24 = readreq i1 @_ssdm_op_ReadReq.m_axi.p1i128, i128 %gmem2_addr, i32 %zext_ln47" [/home/gsorrentino/projects/voted_hdl/voted/fpga/mm2s.cpp:47]   --->   Operation 156 'readreq' 'empty_24' <Predicate = true> <Delay = 2.43> <CoreInst = "m_axi">   --->   Core 125 'm_axi' <Latency = 0> <II = 1> <Delay = 1.00> <Adapter> <Opcode : 'read' 'write' 'readreq' 'writereq' 'writeresp'>

State 33 <SV = 32> <Delay = 2.43>
ST_33 : Operation 157 [42/71] (2.43ns)   --->   "%empty_23 = readreq i1 @_ssdm_op_ReadReq.m_axi.p1i128, i128 %gmem1_addr, i32 %zext_ln47" [/home/gsorrentino/projects/voted_hdl/voted/fpga/mm2s.cpp:47]   --->   Operation 157 'readreq' 'empty_23' <Predicate = true> <Delay = 2.43> <CoreInst = "m_axi">   --->   Core 125 'm_axi' <Latency = 0> <II = 1> <Delay = 1.00> <Adapter> <Opcode : 'read' 'write' 'readreq' 'writereq' 'writeresp'>
ST_33 : Operation 158 [42/71] (2.43ns)   --->   "%empty_24 = readreq i1 @_ssdm_op_ReadReq.m_axi.p1i128, i128 %gmem2_addr, i32 %zext_ln47" [/home/gsorrentino/projects/voted_hdl/voted/fpga/mm2s.cpp:47]   --->   Operation 158 'readreq' 'empty_24' <Predicate = true> <Delay = 2.43> <CoreInst = "m_axi">   --->   Core 125 'm_axi' <Latency = 0> <II = 1> <Delay = 1.00> <Adapter> <Opcode : 'read' 'write' 'readreq' 'writereq' 'writeresp'>

State 34 <SV = 33> <Delay = 2.43>
ST_34 : Operation 159 [41/71] (2.43ns)   --->   "%empty_23 = readreq i1 @_ssdm_op_ReadReq.m_axi.p1i128, i128 %gmem1_addr, i32 %zext_ln47" [/home/gsorrentino/projects/voted_hdl/voted/fpga/mm2s.cpp:47]   --->   Operation 159 'readreq' 'empty_23' <Predicate = true> <Delay = 2.43> <CoreInst = "m_axi">   --->   Core 125 'm_axi' <Latency = 0> <II = 1> <Delay = 1.00> <Adapter> <Opcode : 'read' 'write' 'readreq' 'writereq' 'writeresp'>
ST_34 : Operation 160 [41/71] (2.43ns)   --->   "%empty_24 = readreq i1 @_ssdm_op_ReadReq.m_axi.p1i128, i128 %gmem2_addr, i32 %zext_ln47" [/home/gsorrentino/projects/voted_hdl/voted/fpga/mm2s.cpp:47]   --->   Operation 160 'readreq' 'empty_24' <Predicate = true> <Delay = 2.43> <CoreInst = "m_axi">   --->   Core 125 'm_axi' <Latency = 0> <II = 1> <Delay = 1.00> <Adapter> <Opcode : 'read' 'write' 'readreq' 'writereq' 'writeresp'>

State 35 <SV = 34> <Delay = 2.43>
ST_35 : Operation 161 [40/71] (2.43ns)   --->   "%empty_23 = readreq i1 @_ssdm_op_ReadReq.m_axi.p1i128, i128 %gmem1_addr, i32 %zext_ln47" [/home/gsorrentino/projects/voted_hdl/voted/fpga/mm2s.cpp:47]   --->   Operation 161 'readreq' 'empty_23' <Predicate = true> <Delay = 2.43> <CoreInst = "m_axi">   --->   Core 125 'm_axi' <Latency = 0> <II = 1> <Delay = 1.00> <Adapter> <Opcode : 'read' 'write' 'readreq' 'writereq' 'writeresp'>
ST_35 : Operation 162 [40/71] (2.43ns)   --->   "%empty_24 = readreq i1 @_ssdm_op_ReadReq.m_axi.p1i128, i128 %gmem2_addr, i32 %zext_ln47" [/home/gsorrentino/projects/voted_hdl/voted/fpga/mm2s.cpp:47]   --->   Operation 162 'readreq' 'empty_24' <Predicate = true> <Delay = 2.43> <CoreInst = "m_axi">   --->   Core 125 'm_axi' <Latency = 0> <II = 1> <Delay = 1.00> <Adapter> <Opcode : 'read' 'write' 'readreq' 'writereq' 'writeresp'>

State 36 <SV = 35> <Delay = 2.43>
ST_36 : Operation 163 [39/71] (2.43ns)   --->   "%empty_23 = readreq i1 @_ssdm_op_ReadReq.m_axi.p1i128, i128 %gmem1_addr, i32 %zext_ln47" [/home/gsorrentino/projects/voted_hdl/voted/fpga/mm2s.cpp:47]   --->   Operation 163 'readreq' 'empty_23' <Predicate = true> <Delay = 2.43> <CoreInst = "m_axi">   --->   Core 125 'm_axi' <Latency = 0> <II = 1> <Delay = 1.00> <Adapter> <Opcode : 'read' 'write' 'readreq' 'writereq' 'writeresp'>
ST_36 : Operation 164 [39/71] (2.43ns)   --->   "%empty_24 = readreq i1 @_ssdm_op_ReadReq.m_axi.p1i128, i128 %gmem2_addr, i32 %zext_ln47" [/home/gsorrentino/projects/voted_hdl/voted/fpga/mm2s.cpp:47]   --->   Operation 164 'readreq' 'empty_24' <Predicate = true> <Delay = 2.43> <CoreInst = "m_axi">   --->   Core 125 'm_axi' <Latency = 0> <II = 1> <Delay = 1.00> <Adapter> <Opcode : 'read' 'write' 'readreq' 'writereq' 'writeresp'>

State 37 <SV = 36> <Delay = 2.43>
ST_37 : Operation 165 [38/71] (2.43ns)   --->   "%empty_23 = readreq i1 @_ssdm_op_ReadReq.m_axi.p1i128, i128 %gmem1_addr, i32 %zext_ln47" [/home/gsorrentino/projects/voted_hdl/voted/fpga/mm2s.cpp:47]   --->   Operation 165 'readreq' 'empty_23' <Predicate = true> <Delay = 2.43> <CoreInst = "m_axi">   --->   Core 125 'm_axi' <Latency = 0> <II = 1> <Delay = 1.00> <Adapter> <Opcode : 'read' 'write' 'readreq' 'writereq' 'writeresp'>
ST_37 : Operation 166 [38/71] (2.43ns)   --->   "%empty_24 = readreq i1 @_ssdm_op_ReadReq.m_axi.p1i128, i128 %gmem2_addr, i32 %zext_ln47" [/home/gsorrentino/projects/voted_hdl/voted/fpga/mm2s.cpp:47]   --->   Operation 166 'readreq' 'empty_24' <Predicate = true> <Delay = 2.43> <CoreInst = "m_axi">   --->   Core 125 'm_axi' <Latency = 0> <II = 1> <Delay = 1.00> <Adapter> <Opcode : 'read' 'write' 'readreq' 'writereq' 'writeresp'>

State 38 <SV = 37> <Delay = 2.43>
ST_38 : Operation 167 [37/71] (2.43ns)   --->   "%empty_23 = readreq i1 @_ssdm_op_ReadReq.m_axi.p1i128, i128 %gmem1_addr, i32 %zext_ln47" [/home/gsorrentino/projects/voted_hdl/voted/fpga/mm2s.cpp:47]   --->   Operation 167 'readreq' 'empty_23' <Predicate = true> <Delay = 2.43> <CoreInst = "m_axi">   --->   Core 125 'm_axi' <Latency = 0> <II = 1> <Delay = 1.00> <Adapter> <Opcode : 'read' 'write' 'readreq' 'writereq' 'writeresp'>
ST_38 : Operation 168 [37/71] (2.43ns)   --->   "%empty_24 = readreq i1 @_ssdm_op_ReadReq.m_axi.p1i128, i128 %gmem2_addr, i32 %zext_ln47" [/home/gsorrentino/projects/voted_hdl/voted/fpga/mm2s.cpp:47]   --->   Operation 168 'readreq' 'empty_24' <Predicate = true> <Delay = 2.43> <CoreInst = "m_axi">   --->   Core 125 'm_axi' <Latency = 0> <II = 1> <Delay = 1.00> <Adapter> <Opcode : 'read' 'write' 'readreq' 'writereq' 'writeresp'>

State 39 <SV = 38> <Delay = 2.43>
ST_39 : Operation 169 [36/71] (2.43ns)   --->   "%empty_23 = readreq i1 @_ssdm_op_ReadReq.m_axi.p1i128, i128 %gmem1_addr, i32 %zext_ln47" [/home/gsorrentino/projects/voted_hdl/voted/fpga/mm2s.cpp:47]   --->   Operation 169 'readreq' 'empty_23' <Predicate = true> <Delay = 2.43> <CoreInst = "m_axi">   --->   Core 125 'm_axi' <Latency = 0> <II = 1> <Delay = 1.00> <Adapter> <Opcode : 'read' 'write' 'readreq' 'writereq' 'writeresp'>
ST_39 : Operation 170 [36/71] (2.43ns)   --->   "%empty_24 = readreq i1 @_ssdm_op_ReadReq.m_axi.p1i128, i128 %gmem2_addr, i32 %zext_ln47" [/home/gsorrentino/projects/voted_hdl/voted/fpga/mm2s.cpp:47]   --->   Operation 170 'readreq' 'empty_24' <Predicate = true> <Delay = 2.43> <CoreInst = "m_axi">   --->   Core 125 'm_axi' <Latency = 0> <II = 1> <Delay = 1.00> <Adapter> <Opcode : 'read' 'write' 'readreq' 'writereq' 'writeresp'>

State 40 <SV = 39> <Delay = 2.43>
ST_40 : Operation 171 [35/71] (2.43ns)   --->   "%empty_23 = readreq i1 @_ssdm_op_ReadReq.m_axi.p1i128, i128 %gmem1_addr, i32 %zext_ln47" [/home/gsorrentino/projects/voted_hdl/voted/fpga/mm2s.cpp:47]   --->   Operation 171 'readreq' 'empty_23' <Predicate = true> <Delay = 2.43> <CoreInst = "m_axi">   --->   Core 125 'm_axi' <Latency = 0> <II = 1> <Delay = 1.00> <Adapter> <Opcode : 'read' 'write' 'readreq' 'writereq' 'writeresp'>
ST_40 : Operation 172 [35/71] (2.43ns)   --->   "%empty_24 = readreq i1 @_ssdm_op_ReadReq.m_axi.p1i128, i128 %gmem2_addr, i32 %zext_ln47" [/home/gsorrentino/projects/voted_hdl/voted/fpga/mm2s.cpp:47]   --->   Operation 172 'readreq' 'empty_24' <Predicate = true> <Delay = 2.43> <CoreInst = "m_axi">   --->   Core 125 'm_axi' <Latency = 0> <II = 1> <Delay = 1.00> <Adapter> <Opcode : 'read' 'write' 'readreq' 'writereq' 'writeresp'>

State 41 <SV = 40> <Delay = 2.43>
ST_41 : Operation 173 [34/71] (2.43ns)   --->   "%empty_23 = readreq i1 @_ssdm_op_ReadReq.m_axi.p1i128, i128 %gmem1_addr, i32 %zext_ln47" [/home/gsorrentino/projects/voted_hdl/voted/fpga/mm2s.cpp:47]   --->   Operation 173 'readreq' 'empty_23' <Predicate = true> <Delay = 2.43> <CoreInst = "m_axi">   --->   Core 125 'm_axi' <Latency = 0> <II = 1> <Delay = 1.00> <Adapter> <Opcode : 'read' 'write' 'readreq' 'writereq' 'writeresp'>
ST_41 : Operation 174 [34/71] (2.43ns)   --->   "%empty_24 = readreq i1 @_ssdm_op_ReadReq.m_axi.p1i128, i128 %gmem2_addr, i32 %zext_ln47" [/home/gsorrentino/projects/voted_hdl/voted/fpga/mm2s.cpp:47]   --->   Operation 174 'readreq' 'empty_24' <Predicate = true> <Delay = 2.43> <CoreInst = "m_axi">   --->   Core 125 'm_axi' <Latency = 0> <II = 1> <Delay = 1.00> <Adapter> <Opcode : 'read' 'write' 'readreq' 'writereq' 'writeresp'>

State 42 <SV = 41> <Delay = 2.43>
ST_42 : Operation 175 [33/71] (2.43ns)   --->   "%empty_23 = readreq i1 @_ssdm_op_ReadReq.m_axi.p1i128, i128 %gmem1_addr, i32 %zext_ln47" [/home/gsorrentino/projects/voted_hdl/voted/fpga/mm2s.cpp:47]   --->   Operation 175 'readreq' 'empty_23' <Predicate = true> <Delay = 2.43> <CoreInst = "m_axi">   --->   Core 125 'm_axi' <Latency = 0> <II = 1> <Delay = 1.00> <Adapter> <Opcode : 'read' 'write' 'readreq' 'writereq' 'writeresp'>
ST_42 : Operation 176 [33/71] (2.43ns)   --->   "%empty_24 = readreq i1 @_ssdm_op_ReadReq.m_axi.p1i128, i128 %gmem2_addr, i32 %zext_ln47" [/home/gsorrentino/projects/voted_hdl/voted/fpga/mm2s.cpp:47]   --->   Operation 176 'readreq' 'empty_24' <Predicate = true> <Delay = 2.43> <CoreInst = "m_axi">   --->   Core 125 'm_axi' <Latency = 0> <II = 1> <Delay = 1.00> <Adapter> <Opcode : 'read' 'write' 'readreq' 'writereq' 'writeresp'>

State 43 <SV = 42> <Delay = 2.43>
ST_43 : Operation 177 [32/71] (2.43ns)   --->   "%empty_23 = readreq i1 @_ssdm_op_ReadReq.m_axi.p1i128, i128 %gmem1_addr, i32 %zext_ln47" [/home/gsorrentino/projects/voted_hdl/voted/fpga/mm2s.cpp:47]   --->   Operation 177 'readreq' 'empty_23' <Predicate = true> <Delay = 2.43> <CoreInst = "m_axi">   --->   Core 125 'm_axi' <Latency = 0> <II = 1> <Delay = 1.00> <Adapter> <Opcode : 'read' 'write' 'readreq' 'writereq' 'writeresp'>
ST_43 : Operation 178 [32/71] (2.43ns)   --->   "%empty_24 = readreq i1 @_ssdm_op_ReadReq.m_axi.p1i128, i128 %gmem2_addr, i32 %zext_ln47" [/home/gsorrentino/projects/voted_hdl/voted/fpga/mm2s.cpp:47]   --->   Operation 178 'readreq' 'empty_24' <Predicate = true> <Delay = 2.43> <CoreInst = "m_axi">   --->   Core 125 'm_axi' <Latency = 0> <II = 1> <Delay = 1.00> <Adapter> <Opcode : 'read' 'write' 'readreq' 'writereq' 'writeresp'>

State 44 <SV = 43> <Delay = 2.43>
ST_44 : Operation 179 [31/71] (2.43ns)   --->   "%empty_23 = readreq i1 @_ssdm_op_ReadReq.m_axi.p1i128, i128 %gmem1_addr, i32 %zext_ln47" [/home/gsorrentino/projects/voted_hdl/voted/fpga/mm2s.cpp:47]   --->   Operation 179 'readreq' 'empty_23' <Predicate = true> <Delay = 2.43> <CoreInst = "m_axi">   --->   Core 125 'm_axi' <Latency = 0> <II = 1> <Delay = 1.00> <Adapter> <Opcode : 'read' 'write' 'readreq' 'writereq' 'writeresp'>
ST_44 : Operation 180 [31/71] (2.43ns)   --->   "%empty_24 = readreq i1 @_ssdm_op_ReadReq.m_axi.p1i128, i128 %gmem2_addr, i32 %zext_ln47" [/home/gsorrentino/projects/voted_hdl/voted/fpga/mm2s.cpp:47]   --->   Operation 180 'readreq' 'empty_24' <Predicate = true> <Delay = 2.43> <CoreInst = "m_axi">   --->   Core 125 'm_axi' <Latency = 0> <II = 1> <Delay = 1.00> <Adapter> <Opcode : 'read' 'write' 'readreq' 'writereq' 'writeresp'>

State 45 <SV = 44> <Delay = 2.43>
ST_45 : Operation 181 [30/71] (2.43ns)   --->   "%empty_23 = readreq i1 @_ssdm_op_ReadReq.m_axi.p1i128, i128 %gmem1_addr, i32 %zext_ln47" [/home/gsorrentino/projects/voted_hdl/voted/fpga/mm2s.cpp:47]   --->   Operation 181 'readreq' 'empty_23' <Predicate = true> <Delay = 2.43> <CoreInst = "m_axi">   --->   Core 125 'm_axi' <Latency = 0> <II = 1> <Delay = 1.00> <Adapter> <Opcode : 'read' 'write' 'readreq' 'writereq' 'writeresp'>
ST_45 : Operation 182 [30/71] (2.43ns)   --->   "%empty_24 = readreq i1 @_ssdm_op_ReadReq.m_axi.p1i128, i128 %gmem2_addr, i32 %zext_ln47" [/home/gsorrentino/projects/voted_hdl/voted/fpga/mm2s.cpp:47]   --->   Operation 182 'readreq' 'empty_24' <Predicate = true> <Delay = 2.43> <CoreInst = "m_axi">   --->   Core 125 'm_axi' <Latency = 0> <II = 1> <Delay = 1.00> <Adapter> <Opcode : 'read' 'write' 'readreq' 'writereq' 'writeresp'>

State 46 <SV = 45> <Delay = 2.43>
ST_46 : Operation 183 [29/71] (2.43ns)   --->   "%empty_23 = readreq i1 @_ssdm_op_ReadReq.m_axi.p1i128, i128 %gmem1_addr, i32 %zext_ln47" [/home/gsorrentino/projects/voted_hdl/voted/fpga/mm2s.cpp:47]   --->   Operation 183 'readreq' 'empty_23' <Predicate = true> <Delay = 2.43> <CoreInst = "m_axi">   --->   Core 125 'm_axi' <Latency = 0> <II = 1> <Delay = 1.00> <Adapter> <Opcode : 'read' 'write' 'readreq' 'writereq' 'writeresp'>
ST_46 : Operation 184 [29/71] (2.43ns)   --->   "%empty_24 = readreq i1 @_ssdm_op_ReadReq.m_axi.p1i128, i128 %gmem2_addr, i32 %zext_ln47" [/home/gsorrentino/projects/voted_hdl/voted/fpga/mm2s.cpp:47]   --->   Operation 184 'readreq' 'empty_24' <Predicate = true> <Delay = 2.43> <CoreInst = "m_axi">   --->   Core 125 'm_axi' <Latency = 0> <II = 1> <Delay = 1.00> <Adapter> <Opcode : 'read' 'write' 'readreq' 'writereq' 'writeresp'>

State 47 <SV = 46> <Delay = 2.43>
ST_47 : Operation 185 [28/71] (2.43ns)   --->   "%empty_23 = readreq i1 @_ssdm_op_ReadReq.m_axi.p1i128, i128 %gmem1_addr, i32 %zext_ln47" [/home/gsorrentino/projects/voted_hdl/voted/fpga/mm2s.cpp:47]   --->   Operation 185 'readreq' 'empty_23' <Predicate = true> <Delay = 2.43> <CoreInst = "m_axi">   --->   Core 125 'm_axi' <Latency = 0> <II = 1> <Delay = 1.00> <Adapter> <Opcode : 'read' 'write' 'readreq' 'writereq' 'writeresp'>
ST_47 : Operation 186 [28/71] (2.43ns)   --->   "%empty_24 = readreq i1 @_ssdm_op_ReadReq.m_axi.p1i128, i128 %gmem2_addr, i32 %zext_ln47" [/home/gsorrentino/projects/voted_hdl/voted/fpga/mm2s.cpp:47]   --->   Operation 186 'readreq' 'empty_24' <Predicate = true> <Delay = 2.43> <CoreInst = "m_axi">   --->   Core 125 'm_axi' <Latency = 0> <II = 1> <Delay = 1.00> <Adapter> <Opcode : 'read' 'write' 'readreq' 'writereq' 'writeresp'>

State 48 <SV = 47> <Delay = 2.43>
ST_48 : Operation 187 [27/71] (2.43ns)   --->   "%empty_23 = readreq i1 @_ssdm_op_ReadReq.m_axi.p1i128, i128 %gmem1_addr, i32 %zext_ln47" [/home/gsorrentino/projects/voted_hdl/voted/fpga/mm2s.cpp:47]   --->   Operation 187 'readreq' 'empty_23' <Predicate = true> <Delay = 2.43> <CoreInst = "m_axi">   --->   Core 125 'm_axi' <Latency = 0> <II = 1> <Delay = 1.00> <Adapter> <Opcode : 'read' 'write' 'readreq' 'writereq' 'writeresp'>
ST_48 : Operation 188 [27/71] (2.43ns)   --->   "%empty_24 = readreq i1 @_ssdm_op_ReadReq.m_axi.p1i128, i128 %gmem2_addr, i32 %zext_ln47" [/home/gsorrentino/projects/voted_hdl/voted/fpga/mm2s.cpp:47]   --->   Operation 188 'readreq' 'empty_24' <Predicate = true> <Delay = 2.43> <CoreInst = "m_axi">   --->   Core 125 'm_axi' <Latency = 0> <II = 1> <Delay = 1.00> <Adapter> <Opcode : 'read' 'write' 'readreq' 'writereq' 'writeresp'>

State 49 <SV = 48> <Delay = 2.43>
ST_49 : Operation 189 [26/71] (2.43ns)   --->   "%empty_23 = readreq i1 @_ssdm_op_ReadReq.m_axi.p1i128, i128 %gmem1_addr, i32 %zext_ln47" [/home/gsorrentino/projects/voted_hdl/voted/fpga/mm2s.cpp:47]   --->   Operation 189 'readreq' 'empty_23' <Predicate = true> <Delay = 2.43> <CoreInst = "m_axi">   --->   Core 125 'm_axi' <Latency = 0> <II = 1> <Delay = 1.00> <Adapter> <Opcode : 'read' 'write' 'readreq' 'writereq' 'writeresp'>
ST_49 : Operation 190 [26/71] (2.43ns)   --->   "%empty_24 = readreq i1 @_ssdm_op_ReadReq.m_axi.p1i128, i128 %gmem2_addr, i32 %zext_ln47" [/home/gsorrentino/projects/voted_hdl/voted/fpga/mm2s.cpp:47]   --->   Operation 190 'readreq' 'empty_24' <Predicate = true> <Delay = 2.43> <CoreInst = "m_axi">   --->   Core 125 'm_axi' <Latency = 0> <II = 1> <Delay = 1.00> <Adapter> <Opcode : 'read' 'write' 'readreq' 'writereq' 'writeresp'>

State 50 <SV = 49> <Delay = 2.43>
ST_50 : Operation 191 [25/71] (2.43ns)   --->   "%empty_23 = readreq i1 @_ssdm_op_ReadReq.m_axi.p1i128, i128 %gmem1_addr, i32 %zext_ln47" [/home/gsorrentino/projects/voted_hdl/voted/fpga/mm2s.cpp:47]   --->   Operation 191 'readreq' 'empty_23' <Predicate = true> <Delay = 2.43> <CoreInst = "m_axi">   --->   Core 125 'm_axi' <Latency = 0> <II = 1> <Delay = 1.00> <Adapter> <Opcode : 'read' 'write' 'readreq' 'writereq' 'writeresp'>
ST_50 : Operation 192 [25/71] (2.43ns)   --->   "%empty_24 = readreq i1 @_ssdm_op_ReadReq.m_axi.p1i128, i128 %gmem2_addr, i32 %zext_ln47" [/home/gsorrentino/projects/voted_hdl/voted/fpga/mm2s.cpp:47]   --->   Operation 192 'readreq' 'empty_24' <Predicate = true> <Delay = 2.43> <CoreInst = "m_axi">   --->   Core 125 'm_axi' <Latency = 0> <II = 1> <Delay = 1.00> <Adapter> <Opcode : 'read' 'write' 'readreq' 'writereq' 'writeresp'>

State 51 <SV = 50> <Delay = 2.43>
ST_51 : Operation 193 [24/71] (2.43ns)   --->   "%empty_23 = readreq i1 @_ssdm_op_ReadReq.m_axi.p1i128, i128 %gmem1_addr, i32 %zext_ln47" [/home/gsorrentino/projects/voted_hdl/voted/fpga/mm2s.cpp:47]   --->   Operation 193 'readreq' 'empty_23' <Predicate = true> <Delay = 2.43> <CoreInst = "m_axi">   --->   Core 125 'm_axi' <Latency = 0> <II = 1> <Delay = 1.00> <Adapter> <Opcode : 'read' 'write' 'readreq' 'writereq' 'writeresp'>
ST_51 : Operation 194 [24/71] (2.43ns)   --->   "%empty_24 = readreq i1 @_ssdm_op_ReadReq.m_axi.p1i128, i128 %gmem2_addr, i32 %zext_ln47" [/home/gsorrentino/projects/voted_hdl/voted/fpga/mm2s.cpp:47]   --->   Operation 194 'readreq' 'empty_24' <Predicate = true> <Delay = 2.43> <CoreInst = "m_axi">   --->   Core 125 'm_axi' <Latency = 0> <II = 1> <Delay = 1.00> <Adapter> <Opcode : 'read' 'write' 'readreq' 'writereq' 'writeresp'>

State 52 <SV = 51> <Delay = 2.43>
ST_52 : Operation 195 [23/71] (2.43ns)   --->   "%empty_23 = readreq i1 @_ssdm_op_ReadReq.m_axi.p1i128, i128 %gmem1_addr, i32 %zext_ln47" [/home/gsorrentino/projects/voted_hdl/voted/fpga/mm2s.cpp:47]   --->   Operation 195 'readreq' 'empty_23' <Predicate = true> <Delay = 2.43> <CoreInst = "m_axi">   --->   Core 125 'm_axi' <Latency = 0> <II = 1> <Delay = 1.00> <Adapter> <Opcode : 'read' 'write' 'readreq' 'writereq' 'writeresp'>
ST_52 : Operation 196 [23/71] (2.43ns)   --->   "%empty_24 = readreq i1 @_ssdm_op_ReadReq.m_axi.p1i128, i128 %gmem2_addr, i32 %zext_ln47" [/home/gsorrentino/projects/voted_hdl/voted/fpga/mm2s.cpp:47]   --->   Operation 196 'readreq' 'empty_24' <Predicate = true> <Delay = 2.43> <CoreInst = "m_axi">   --->   Core 125 'm_axi' <Latency = 0> <II = 1> <Delay = 1.00> <Adapter> <Opcode : 'read' 'write' 'readreq' 'writereq' 'writeresp'>

State 53 <SV = 52> <Delay = 2.43>
ST_53 : Operation 197 [22/71] (2.43ns)   --->   "%empty_23 = readreq i1 @_ssdm_op_ReadReq.m_axi.p1i128, i128 %gmem1_addr, i32 %zext_ln47" [/home/gsorrentino/projects/voted_hdl/voted/fpga/mm2s.cpp:47]   --->   Operation 197 'readreq' 'empty_23' <Predicate = true> <Delay = 2.43> <CoreInst = "m_axi">   --->   Core 125 'm_axi' <Latency = 0> <II = 1> <Delay = 1.00> <Adapter> <Opcode : 'read' 'write' 'readreq' 'writereq' 'writeresp'>
ST_53 : Operation 198 [22/71] (2.43ns)   --->   "%empty_24 = readreq i1 @_ssdm_op_ReadReq.m_axi.p1i128, i128 %gmem2_addr, i32 %zext_ln47" [/home/gsorrentino/projects/voted_hdl/voted/fpga/mm2s.cpp:47]   --->   Operation 198 'readreq' 'empty_24' <Predicate = true> <Delay = 2.43> <CoreInst = "m_axi">   --->   Core 125 'm_axi' <Latency = 0> <II = 1> <Delay = 1.00> <Adapter> <Opcode : 'read' 'write' 'readreq' 'writereq' 'writeresp'>

State 54 <SV = 53> <Delay = 2.43>
ST_54 : Operation 199 [21/71] (2.43ns)   --->   "%empty_23 = readreq i1 @_ssdm_op_ReadReq.m_axi.p1i128, i128 %gmem1_addr, i32 %zext_ln47" [/home/gsorrentino/projects/voted_hdl/voted/fpga/mm2s.cpp:47]   --->   Operation 199 'readreq' 'empty_23' <Predicate = true> <Delay = 2.43> <CoreInst = "m_axi">   --->   Core 125 'm_axi' <Latency = 0> <II = 1> <Delay = 1.00> <Adapter> <Opcode : 'read' 'write' 'readreq' 'writereq' 'writeresp'>
ST_54 : Operation 200 [21/71] (2.43ns)   --->   "%empty_24 = readreq i1 @_ssdm_op_ReadReq.m_axi.p1i128, i128 %gmem2_addr, i32 %zext_ln47" [/home/gsorrentino/projects/voted_hdl/voted/fpga/mm2s.cpp:47]   --->   Operation 200 'readreq' 'empty_24' <Predicate = true> <Delay = 2.43> <CoreInst = "m_axi">   --->   Core 125 'm_axi' <Latency = 0> <II = 1> <Delay = 1.00> <Adapter> <Opcode : 'read' 'write' 'readreq' 'writereq' 'writeresp'>

State 55 <SV = 54> <Delay = 2.43>
ST_55 : Operation 201 [20/71] (2.43ns)   --->   "%empty_23 = readreq i1 @_ssdm_op_ReadReq.m_axi.p1i128, i128 %gmem1_addr, i32 %zext_ln47" [/home/gsorrentino/projects/voted_hdl/voted/fpga/mm2s.cpp:47]   --->   Operation 201 'readreq' 'empty_23' <Predicate = true> <Delay = 2.43> <CoreInst = "m_axi">   --->   Core 125 'm_axi' <Latency = 0> <II = 1> <Delay = 1.00> <Adapter> <Opcode : 'read' 'write' 'readreq' 'writereq' 'writeresp'>
ST_55 : Operation 202 [20/71] (2.43ns)   --->   "%empty_24 = readreq i1 @_ssdm_op_ReadReq.m_axi.p1i128, i128 %gmem2_addr, i32 %zext_ln47" [/home/gsorrentino/projects/voted_hdl/voted/fpga/mm2s.cpp:47]   --->   Operation 202 'readreq' 'empty_24' <Predicate = true> <Delay = 2.43> <CoreInst = "m_axi">   --->   Core 125 'm_axi' <Latency = 0> <II = 1> <Delay = 1.00> <Adapter> <Opcode : 'read' 'write' 'readreq' 'writereq' 'writeresp'>

State 56 <SV = 55> <Delay = 2.43>
ST_56 : Operation 203 [19/71] (2.43ns)   --->   "%empty_23 = readreq i1 @_ssdm_op_ReadReq.m_axi.p1i128, i128 %gmem1_addr, i32 %zext_ln47" [/home/gsorrentino/projects/voted_hdl/voted/fpga/mm2s.cpp:47]   --->   Operation 203 'readreq' 'empty_23' <Predicate = true> <Delay = 2.43> <CoreInst = "m_axi">   --->   Core 125 'm_axi' <Latency = 0> <II = 1> <Delay = 1.00> <Adapter> <Opcode : 'read' 'write' 'readreq' 'writereq' 'writeresp'>
ST_56 : Operation 204 [19/71] (2.43ns)   --->   "%empty_24 = readreq i1 @_ssdm_op_ReadReq.m_axi.p1i128, i128 %gmem2_addr, i32 %zext_ln47" [/home/gsorrentino/projects/voted_hdl/voted/fpga/mm2s.cpp:47]   --->   Operation 204 'readreq' 'empty_24' <Predicate = true> <Delay = 2.43> <CoreInst = "m_axi">   --->   Core 125 'm_axi' <Latency = 0> <II = 1> <Delay = 1.00> <Adapter> <Opcode : 'read' 'write' 'readreq' 'writereq' 'writeresp'>

State 57 <SV = 56> <Delay = 2.43>
ST_57 : Operation 205 [18/71] (2.43ns)   --->   "%empty_23 = readreq i1 @_ssdm_op_ReadReq.m_axi.p1i128, i128 %gmem1_addr, i32 %zext_ln47" [/home/gsorrentino/projects/voted_hdl/voted/fpga/mm2s.cpp:47]   --->   Operation 205 'readreq' 'empty_23' <Predicate = true> <Delay = 2.43> <CoreInst = "m_axi">   --->   Core 125 'm_axi' <Latency = 0> <II = 1> <Delay = 1.00> <Adapter> <Opcode : 'read' 'write' 'readreq' 'writereq' 'writeresp'>
ST_57 : Operation 206 [18/71] (2.43ns)   --->   "%empty_24 = readreq i1 @_ssdm_op_ReadReq.m_axi.p1i128, i128 %gmem2_addr, i32 %zext_ln47" [/home/gsorrentino/projects/voted_hdl/voted/fpga/mm2s.cpp:47]   --->   Operation 206 'readreq' 'empty_24' <Predicate = true> <Delay = 2.43> <CoreInst = "m_axi">   --->   Core 125 'm_axi' <Latency = 0> <II = 1> <Delay = 1.00> <Adapter> <Opcode : 'read' 'write' 'readreq' 'writereq' 'writeresp'>

State 58 <SV = 57> <Delay = 2.43>
ST_58 : Operation 207 [17/71] (2.43ns)   --->   "%empty_23 = readreq i1 @_ssdm_op_ReadReq.m_axi.p1i128, i128 %gmem1_addr, i32 %zext_ln47" [/home/gsorrentino/projects/voted_hdl/voted/fpga/mm2s.cpp:47]   --->   Operation 207 'readreq' 'empty_23' <Predicate = true> <Delay = 2.43> <CoreInst = "m_axi">   --->   Core 125 'm_axi' <Latency = 0> <II = 1> <Delay = 1.00> <Adapter> <Opcode : 'read' 'write' 'readreq' 'writereq' 'writeresp'>
ST_58 : Operation 208 [17/71] (2.43ns)   --->   "%empty_24 = readreq i1 @_ssdm_op_ReadReq.m_axi.p1i128, i128 %gmem2_addr, i32 %zext_ln47" [/home/gsorrentino/projects/voted_hdl/voted/fpga/mm2s.cpp:47]   --->   Operation 208 'readreq' 'empty_24' <Predicate = true> <Delay = 2.43> <CoreInst = "m_axi">   --->   Core 125 'm_axi' <Latency = 0> <II = 1> <Delay = 1.00> <Adapter> <Opcode : 'read' 'write' 'readreq' 'writereq' 'writeresp'>

State 59 <SV = 58> <Delay = 2.43>
ST_59 : Operation 209 [16/71] (2.43ns)   --->   "%empty_23 = readreq i1 @_ssdm_op_ReadReq.m_axi.p1i128, i128 %gmem1_addr, i32 %zext_ln47" [/home/gsorrentino/projects/voted_hdl/voted/fpga/mm2s.cpp:47]   --->   Operation 209 'readreq' 'empty_23' <Predicate = true> <Delay = 2.43> <CoreInst = "m_axi">   --->   Core 125 'm_axi' <Latency = 0> <II = 1> <Delay = 1.00> <Adapter> <Opcode : 'read' 'write' 'readreq' 'writereq' 'writeresp'>
ST_59 : Operation 210 [16/71] (2.43ns)   --->   "%empty_24 = readreq i1 @_ssdm_op_ReadReq.m_axi.p1i128, i128 %gmem2_addr, i32 %zext_ln47" [/home/gsorrentino/projects/voted_hdl/voted/fpga/mm2s.cpp:47]   --->   Operation 210 'readreq' 'empty_24' <Predicate = true> <Delay = 2.43> <CoreInst = "m_axi">   --->   Core 125 'm_axi' <Latency = 0> <II = 1> <Delay = 1.00> <Adapter> <Opcode : 'read' 'write' 'readreq' 'writereq' 'writeresp'>

State 60 <SV = 59> <Delay = 2.43>
ST_60 : Operation 211 [15/71] (2.43ns)   --->   "%empty_23 = readreq i1 @_ssdm_op_ReadReq.m_axi.p1i128, i128 %gmem1_addr, i32 %zext_ln47" [/home/gsorrentino/projects/voted_hdl/voted/fpga/mm2s.cpp:47]   --->   Operation 211 'readreq' 'empty_23' <Predicate = true> <Delay = 2.43> <CoreInst = "m_axi">   --->   Core 125 'm_axi' <Latency = 0> <II = 1> <Delay = 1.00> <Adapter> <Opcode : 'read' 'write' 'readreq' 'writereq' 'writeresp'>
ST_60 : Operation 212 [15/71] (2.43ns)   --->   "%empty_24 = readreq i1 @_ssdm_op_ReadReq.m_axi.p1i128, i128 %gmem2_addr, i32 %zext_ln47" [/home/gsorrentino/projects/voted_hdl/voted/fpga/mm2s.cpp:47]   --->   Operation 212 'readreq' 'empty_24' <Predicate = true> <Delay = 2.43> <CoreInst = "m_axi">   --->   Core 125 'm_axi' <Latency = 0> <II = 1> <Delay = 1.00> <Adapter> <Opcode : 'read' 'write' 'readreq' 'writereq' 'writeresp'>

State 61 <SV = 60> <Delay = 2.43>
ST_61 : Operation 213 [14/71] (2.43ns)   --->   "%empty_23 = readreq i1 @_ssdm_op_ReadReq.m_axi.p1i128, i128 %gmem1_addr, i32 %zext_ln47" [/home/gsorrentino/projects/voted_hdl/voted/fpga/mm2s.cpp:47]   --->   Operation 213 'readreq' 'empty_23' <Predicate = true> <Delay = 2.43> <CoreInst = "m_axi">   --->   Core 125 'm_axi' <Latency = 0> <II = 1> <Delay = 1.00> <Adapter> <Opcode : 'read' 'write' 'readreq' 'writereq' 'writeresp'>
ST_61 : Operation 214 [14/71] (2.43ns)   --->   "%empty_24 = readreq i1 @_ssdm_op_ReadReq.m_axi.p1i128, i128 %gmem2_addr, i32 %zext_ln47" [/home/gsorrentino/projects/voted_hdl/voted/fpga/mm2s.cpp:47]   --->   Operation 214 'readreq' 'empty_24' <Predicate = true> <Delay = 2.43> <CoreInst = "m_axi">   --->   Core 125 'm_axi' <Latency = 0> <II = 1> <Delay = 1.00> <Adapter> <Opcode : 'read' 'write' 'readreq' 'writereq' 'writeresp'>

State 62 <SV = 61> <Delay = 2.43>
ST_62 : Operation 215 [13/71] (2.43ns)   --->   "%empty_23 = readreq i1 @_ssdm_op_ReadReq.m_axi.p1i128, i128 %gmem1_addr, i32 %zext_ln47" [/home/gsorrentino/projects/voted_hdl/voted/fpga/mm2s.cpp:47]   --->   Operation 215 'readreq' 'empty_23' <Predicate = true> <Delay = 2.43> <CoreInst = "m_axi">   --->   Core 125 'm_axi' <Latency = 0> <II = 1> <Delay = 1.00> <Adapter> <Opcode : 'read' 'write' 'readreq' 'writereq' 'writeresp'>
ST_62 : Operation 216 [13/71] (2.43ns)   --->   "%empty_24 = readreq i1 @_ssdm_op_ReadReq.m_axi.p1i128, i128 %gmem2_addr, i32 %zext_ln47" [/home/gsorrentino/projects/voted_hdl/voted/fpga/mm2s.cpp:47]   --->   Operation 216 'readreq' 'empty_24' <Predicate = true> <Delay = 2.43> <CoreInst = "m_axi">   --->   Core 125 'm_axi' <Latency = 0> <II = 1> <Delay = 1.00> <Adapter> <Opcode : 'read' 'write' 'readreq' 'writereq' 'writeresp'>

State 63 <SV = 62> <Delay = 2.43>
ST_63 : Operation 217 [12/71] (2.43ns)   --->   "%empty_23 = readreq i1 @_ssdm_op_ReadReq.m_axi.p1i128, i128 %gmem1_addr, i32 %zext_ln47" [/home/gsorrentino/projects/voted_hdl/voted/fpga/mm2s.cpp:47]   --->   Operation 217 'readreq' 'empty_23' <Predicate = true> <Delay = 2.43> <CoreInst = "m_axi">   --->   Core 125 'm_axi' <Latency = 0> <II = 1> <Delay = 1.00> <Adapter> <Opcode : 'read' 'write' 'readreq' 'writereq' 'writeresp'>
ST_63 : Operation 218 [12/71] (2.43ns)   --->   "%empty_24 = readreq i1 @_ssdm_op_ReadReq.m_axi.p1i128, i128 %gmem2_addr, i32 %zext_ln47" [/home/gsorrentino/projects/voted_hdl/voted/fpga/mm2s.cpp:47]   --->   Operation 218 'readreq' 'empty_24' <Predicate = true> <Delay = 2.43> <CoreInst = "m_axi">   --->   Core 125 'm_axi' <Latency = 0> <II = 1> <Delay = 1.00> <Adapter> <Opcode : 'read' 'write' 'readreq' 'writereq' 'writeresp'>

State 64 <SV = 63> <Delay = 2.43>
ST_64 : Operation 219 [11/71] (2.43ns)   --->   "%empty_23 = readreq i1 @_ssdm_op_ReadReq.m_axi.p1i128, i128 %gmem1_addr, i32 %zext_ln47" [/home/gsorrentino/projects/voted_hdl/voted/fpga/mm2s.cpp:47]   --->   Operation 219 'readreq' 'empty_23' <Predicate = true> <Delay = 2.43> <CoreInst = "m_axi">   --->   Core 125 'm_axi' <Latency = 0> <II = 1> <Delay = 1.00> <Adapter> <Opcode : 'read' 'write' 'readreq' 'writereq' 'writeresp'>
ST_64 : Operation 220 [11/71] (2.43ns)   --->   "%empty_24 = readreq i1 @_ssdm_op_ReadReq.m_axi.p1i128, i128 %gmem2_addr, i32 %zext_ln47" [/home/gsorrentino/projects/voted_hdl/voted/fpga/mm2s.cpp:47]   --->   Operation 220 'readreq' 'empty_24' <Predicate = true> <Delay = 2.43> <CoreInst = "m_axi">   --->   Core 125 'm_axi' <Latency = 0> <II = 1> <Delay = 1.00> <Adapter> <Opcode : 'read' 'write' 'readreq' 'writereq' 'writeresp'>

State 65 <SV = 64> <Delay = 2.43>
ST_65 : Operation 221 [10/71] (2.43ns)   --->   "%empty_23 = readreq i1 @_ssdm_op_ReadReq.m_axi.p1i128, i128 %gmem1_addr, i32 %zext_ln47" [/home/gsorrentino/projects/voted_hdl/voted/fpga/mm2s.cpp:47]   --->   Operation 221 'readreq' 'empty_23' <Predicate = true> <Delay = 2.43> <CoreInst = "m_axi">   --->   Core 125 'm_axi' <Latency = 0> <II = 1> <Delay = 1.00> <Adapter> <Opcode : 'read' 'write' 'readreq' 'writereq' 'writeresp'>
ST_65 : Operation 222 [10/71] (2.43ns)   --->   "%empty_24 = readreq i1 @_ssdm_op_ReadReq.m_axi.p1i128, i128 %gmem2_addr, i32 %zext_ln47" [/home/gsorrentino/projects/voted_hdl/voted/fpga/mm2s.cpp:47]   --->   Operation 222 'readreq' 'empty_24' <Predicate = true> <Delay = 2.43> <CoreInst = "m_axi">   --->   Core 125 'm_axi' <Latency = 0> <II = 1> <Delay = 1.00> <Adapter> <Opcode : 'read' 'write' 'readreq' 'writereq' 'writeresp'>

State 66 <SV = 65> <Delay = 2.43>
ST_66 : Operation 223 [9/71] (2.43ns)   --->   "%empty_23 = readreq i1 @_ssdm_op_ReadReq.m_axi.p1i128, i128 %gmem1_addr, i32 %zext_ln47" [/home/gsorrentino/projects/voted_hdl/voted/fpga/mm2s.cpp:47]   --->   Operation 223 'readreq' 'empty_23' <Predicate = true> <Delay = 2.43> <CoreInst = "m_axi">   --->   Core 125 'm_axi' <Latency = 0> <II = 1> <Delay = 1.00> <Adapter> <Opcode : 'read' 'write' 'readreq' 'writereq' 'writeresp'>
ST_66 : Operation 224 [9/71] (2.43ns)   --->   "%empty_24 = readreq i1 @_ssdm_op_ReadReq.m_axi.p1i128, i128 %gmem2_addr, i32 %zext_ln47" [/home/gsorrentino/projects/voted_hdl/voted/fpga/mm2s.cpp:47]   --->   Operation 224 'readreq' 'empty_24' <Predicate = true> <Delay = 2.43> <CoreInst = "m_axi">   --->   Core 125 'm_axi' <Latency = 0> <II = 1> <Delay = 1.00> <Adapter> <Opcode : 'read' 'write' 'readreq' 'writereq' 'writeresp'>

State 67 <SV = 66> <Delay = 2.43>
ST_67 : Operation 225 [8/71] (2.43ns)   --->   "%empty_23 = readreq i1 @_ssdm_op_ReadReq.m_axi.p1i128, i128 %gmem1_addr, i32 %zext_ln47" [/home/gsorrentino/projects/voted_hdl/voted/fpga/mm2s.cpp:47]   --->   Operation 225 'readreq' 'empty_23' <Predicate = true> <Delay = 2.43> <CoreInst = "m_axi">   --->   Core 125 'm_axi' <Latency = 0> <II = 1> <Delay = 1.00> <Adapter> <Opcode : 'read' 'write' 'readreq' 'writereq' 'writeresp'>
ST_67 : Operation 226 [8/71] (2.43ns)   --->   "%empty_24 = readreq i1 @_ssdm_op_ReadReq.m_axi.p1i128, i128 %gmem2_addr, i32 %zext_ln47" [/home/gsorrentino/projects/voted_hdl/voted/fpga/mm2s.cpp:47]   --->   Operation 226 'readreq' 'empty_24' <Predicate = true> <Delay = 2.43> <CoreInst = "m_axi">   --->   Core 125 'm_axi' <Latency = 0> <II = 1> <Delay = 1.00> <Adapter> <Opcode : 'read' 'write' 'readreq' 'writereq' 'writeresp'>

State 68 <SV = 67> <Delay = 2.43>
ST_68 : Operation 227 [7/71] (2.43ns)   --->   "%empty_23 = readreq i1 @_ssdm_op_ReadReq.m_axi.p1i128, i128 %gmem1_addr, i32 %zext_ln47" [/home/gsorrentino/projects/voted_hdl/voted/fpga/mm2s.cpp:47]   --->   Operation 227 'readreq' 'empty_23' <Predicate = true> <Delay = 2.43> <CoreInst = "m_axi">   --->   Core 125 'm_axi' <Latency = 0> <II = 1> <Delay = 1.00> <Adapter> <Opcode : 'read' 'write' 'readreq' 'writereq' 'writeresp'>
ST_68 : Operation 228 [7/71] (2.43ns)   --->   "%empty_24 = readreq i1 @_ssdm_op_ReadReq.m_axi.p1i128, i128 %gmem2_addr, i32 %zext_ln47" [/home/gsorrentino/projects/voted_hdl/voted/fpga/mm2s.cpp:47]   --->   Operation 228 'readreq' 'empty_24' <Predicate = true> <Delay = 2.43> <CoreInst = "m_axi">   --->   Core 125 'm_axi' <Latency = 0> <II = 1> <Delay = 1.00> <Adapter> <Opcode : 'read' 'write' 'readreq' 'writereq' 'writeresp'>

State 69 <SV = 68> <Delay = 2.43>
ST_69 : Operation 229 [6/71] (2.43ns)   --->   "%empty_23 = readreq i1 @_ssdm_op_ReadReq.m_axi.p1i128, i128 %gmem1_addr, i32 %zext_ln47" [/home/gsorrentino/projects/voted_hdl/voted/fpga/mm2s.cpp:47]   --->   Operation 229 'readreq' 'empty_23' <Predicate = true> <Delay = 2.43> <CoreInst = "m_axi">   --->   Core 125 'm_axi' <Latency = 0> <II = 1> <Delay = 1.00> <Adapter> <Opcode : 'read' 'write' 'readreq' 'writereq' 'writeresp'>
ST_69 : Operation 230 [6/71] (2.43ns)   --->   "%empty_24 = readreq i1 @_ssdm_op_ReadReq.m_axi.p1i128, i128 %gmem2_addr, i32 %zext_ln47" [/home/gsorrentino/projects/voted_hdl/voted/fpga/mm2s.cpp:47]   --->   Operation 230 'readreq' 'empty_24' <Predicate = true> <Delay = 2.43> <CoreInst = "m_axi">   --->   Core 125 'm_axi' <Latency = 0> <II = 1> <Delay = 1.00> <Adapter> <Opcode : 'read' 'write' 'readreq' 'writereq' 'writeresp'>

State 70 <SV = 69> <Delay = 2.43>
ST_70 : Operation 231 [5/71] (2.43ns)   --->   "%empty_23 = readreq i1 @_ssdm_op_ReadReq.m_axi.p1i128, i128 %gmem1_addr, i32 %zext_ln47" [/home/gsorrentino/projects/voted_hdl/voted/fpga/mm2s.cpp:47]   --->   Operation 231 'readreq' 'empty_23' <Predicate = true> <Delay = 2.43> <CoreInst = "m_axi">   --->   Core 125 'm_axi' <Latency = 0> <II = 1> <Delay = 1.00> <Adapter> <Opcode : 'read' 'write' 'readreq' 'writereq' 'writeresp'>
ST_70 : Operation 232 [5/71] (2.43ns)   --->   "%empty_24 = readreq i1 @_ssdm_op_ReadReq.m_axi.p1i128, i128 %gmem2_addr, i32 %zext_ln47" [/home/gsorrentino/projects/voted_hdl/voted/fpga/mm2s.cpp:47]   --->   Operation 232 'readreq' 'empty_24' <Predicate = true> <Delay = 2.43> <CoreInst = "m_axi">   --->   Core 125 'm_axi' <Latency = 0> <II = 1> <Delay = 1.00> <Adapter> <Opcode : 'read' 'write' 'readreq' 'writereq' 'writeresp'>

State 71 <SV = 70> <Delay = 2.43>
ST_71 : Operation 233 [4/71] (2.43ns)   --->   "%empty_23 = readreq i1 @_ssdm_op_ReadReq.m_axi.p1i128, i128 %gmem1_addr, i32 %zext_ln47" [/home/gsorrentino/projects/voted_hdl/voted/fpga/mm2s.cpp:47]   --->   Operation 233 'readreq' 'empty_23' <Predicate = true> <Delay = 2.43> <CoreInst = "m_axi">   --->   Core 125 'm_axi' <Latency = 0> <II = 1> <Delay = 1.00> <Adapter> <Opcode : 'read' 'write' 'readreq' 'writereq' 'writeresp'>
ST_71 : Operation 234 [4/71] (2.43ns)   --->   "%empty_24 = readreq i1 @_ssdm_op_ReadReq.m_axi.p1i128, i128 %gmem2_addr, i32 %zext_ln47" [/home/gsorrentino/projects/voted_hdl/voted/fpga/mm2s.cpp:47]   --->   Operation 234 'readreq' 'empty_24' <Predicate = true> <Delay = 2.43> <CoreInst = "m_axi">   --->   Core 125 'm_axi' <Latency = 0> <II = 1> <Delay = 1.00> <Adapter> <Opcode : 'read' 'write' 'readreq' 'writereq' 'writeresp'>

State 72 <SV = 71> <Delay = 2.43>
ST_72 : Operation 235 [3/71] (2.43ns)   --->   "%empty_23 = readreq i1 @_ssdm_op_ReadReq.m_axi.p1i128, i128 %gmem1_addr, i32 %zext_ln47" [/home/gsorrentino/projects/voted_hdl/voted/fpga/mm2s.cpp:47]   --->   Operation 235 'readreq' 'empty_23' <Predicate = true> <Delay = 2.43> <CoreInst = "m_axi">   --->   Core 125 'm_axi' <Latency = 0> <II = 1> <Delay = 1.00> <Adapter> <Opcode : 'read' 'write' 'readreq' 'writereq' 'writeresp'>
ST_72 : Operation 236 [3/71] (2.43ns)   --->   "%empty_24 = readreq i1 @_ssdm_op_ReadReq.m_axi.p1i128, i128 %gmem2_addr, i32 %zext_ln47" [/home/gsorrentino/projects/voted_hdl/voted/fpga/mm2s.cpp:47]   --->   Operation 236 'readreq' 'empty_24' <Predicate = true> <Delay = 2.43> <CoreInst = "m_axi">   --->   Core 125 'm_axi' <Latency = 0> <II = 1> <Delay = 1.00> <Adapter> <Opcode : 'read' 'write' 'readreq' 'writereq' 'writeresp'>

State 73 <SV = 72> <Delay = 2.43>
ST_73 : Operation 237 [2/71] (2.43ns)   --->   "%empty_23 = readreq i1 @_ssdm_op_ReadReq.m_axi.p1i128, i128 %gmem1_addr, i32 %zext_ln47" [/home/gsorrentino/projects/voted_hdl/voted/fpga/mm2s.cpp:47]   --->   Operation 237 'readreq' 'empty_23' <Predicate = true> <Delay = 2.43> <CoreInst = "m_axi">   --->   Core 125 'm_axi' <Latency = 0> <II = 1> <Delay = 1.00> <Adapter> <Opcode : 'read' 'write' 'readreq' 'writereq' 'writeresp'>
ST_73 : Operation 238 [2/71] (2.43ns)   --->   "%empty_24 = readreq i1 @_ssdm_op_ReadReq.m_axi.p1i128, i128 %gmem2_addr, i32 %zext_ln47" [/home/gsorrentino/projects/voted_hdl/voted/fpga/mm2s.cpp:47]   --->   Operation 238 'readreq' 'empty_24' <Predicate = true> <Delay = 2.43> <CoreInst = "m_axi">   --->   Core 125 'm_axi' <Latency = 0> <II = 1> <Delay = 1.00> <Adapter> <Opcode : 'read' 'write' 'readreq' 'writereq' 'writeresp'>

State 74 <SV = 73> <Delay = 2.43>
ST_74 : Operation 239 [1/71] (2.43ns)   --->   "%empty_23 = readreq i1 @_ssdm_op_ReadReq.m_axi.p1i128, i128 %gmem1_addr, i32 %zext_ln47" [/home/gsorrentino/projects/voted_hdl/voted/fpga/mm2s.cpp:47]   --->   Operation 239 'readreq' 'empty_23' <Predicate = true> <Delay = 2.43> <CoreInst = "m_axi">   --->   Core 125 'm_axi' <Latency = 0> <II = 1> <Delay = 1.00> <Adapter> <Opcode : 'read' 'write' 'readreq' 'writereq' 'writeresp'>
ST_74 : Operation 240 [1/71] (2.43ns)   --->   "%empty_24 = readreq i1 @_ssdm_op_ReadReq.m_axi.p1i128, i128 %gmem2_addr, i32 %zext_ln47" [/home/gsorrentino/projects/voted_hdl/voted/fpga/mm2s.cpp:47]   --->   Operation 240 'readreq' 'empty_24' <Predicate = true> <Delay = 2.43> <CoreInst = "m_axi">   --->   Core 125 'm_axi' <Latency = 0> <II = 1> <Delay = 1.00> <Adapter> <Opcode : 'read' 'write' 'readreq' 'writereq' 'writeresp'>

State 75 <SV = 74> <Delay = 1.35>
ST_75 : Operation 241 [1/1] (0.00ns)   --->   "%empty_25 = wait i32 @_ssdm_op_Wait"   --->   Operation 241 'wait' 'empty_25' <Predicate = true> <Delay = 0.00>
ST_75 : Operation 242 [2/2] (1.35ns)   --->   "%call_ln47 = call void @mm2s_Pipeline_VITIS_LOOP_47_1, i128 %gmem2, i128 %gmem1, i60 %trunc_ln47_1, i60 %trunc_ln, i31 %div, i128 %outA, i128 %outB" [/home/gsorrentino/projects/voted_hdl/voted/fpga/mm2s.cpp:47]   --->   Operation 242 'call' 'call_ln47' <Predicate = true> <Delay = 1.35> <CoreType = "Generic">   --->   Core 0 '' <Latency = 0> <II = 1> <Delay = 1.00> <Generic> <Opcode : >

State 76 <SV = 75> <Delay = 2.43>
ST_76 : Operation 243 [1/2] (2.43ns)   --->   "%call_ln47 = call void @mm2s_Pipeline_VITIS_LOOP_47_1, i128 %gmem2, i128 %gmem1, i60 %trunc_ln47_1, i60 %trunc_ln, i31 %div, i128 %outA, i128 %outB" [/home/gsorrentino/projects/voted_hdl/voted/fpga/mm2s.cpp:47]   --->   Operation 243 'call' 'call_ln47' <Predicate = true> <Delay = 2.43> <CoreType = "Generic">   --->   Core 0 '' <Latency = 0> <II = 1> <Delay = 1.00> <Generic> <Opcode : >

State 77 <SV = 76> <Delay = 0.00>
ST_77 : Operation 244 [1/1] (0.00ns)   --->   "%spectopmodule_ln31 = spectopmodule void @_ssdm_op_SpecTopModule, void @empty_6" [/home/gsorrentino/projects/voted_hdl/voted/fpga/mm2s.cpp:31]   --->   Operation 244 'spectopmodule' 'spectopmodule_ln31' <Predicate = true> <Delay = 0.00>
ST_77 : Operation 245 [1/1] (0.00ns)   --->   "%specinterface_ln31 = specinterface void @_ssdm_op_SpecInterface, i32 0, void @empty_11, i32 0, i32 0, void @empty_3, i32 0, i32 0, void @empty_3, void @empty_3, void @empty_3, i32 0, i32 0, i32 0, i32 0, void @empty_3, void @empty_3, i32 4294967295, i32 0" [/home/gsorrentino/projects/voted_hdl/voted/fpga/mm2s.cpp:31]   --->   Operation 245 'specinterface' 'specinterface_ln31' <Predicate = true> <Delay = 0.00>
ST_77 : Operation 246 [1/1] (0.00ns)   --->   "%specinterface_ln0 = specinterface void @_ssdm_op_SpecInterface, i128 %gmem1, void @empty_2, i32 0, i32 0, void @empty_3, i32 64, i32 100, void @empty_4, void @empty_5, void @empty_3, i32 16, i32 16, i32 16, i32 16, void @empty_3, void @empty_3, i32 4294967295, i32 0"   --->   Operation 246 'specinterface' 'specinterface_ln0' <Predicate = true> <Delay = 0.00>
ST_77 : Operation 247 [1/1] (0.00ns)   --->   "%specbitsmap_ln0 = specbitsmap void @_ssdm_op_SpecBitsMap, i128 %gmem1"   --->   Operation 247 'specbitsmap' 'specbitsmap_ln0' <Predicate = true> <Delay = 0.00>
ST_77 : Operation 248 [1/1] (0.00ns)   --->   "%specinterface_ln0 = specinterface void @_ssdm_op_SpecInterface, i128 %gmem2, void @empty_2, i32 0, i32 0, void @empty_3, i32 64, i32 100, void @empty_9, void @empty_5, void @empty_3, i32 16, i32 16, i32 16, i32 16, void @empty_3, void @empty_3, i32 4294967295, i32 0"   --->   Operation 248 'specinterface' 'specinterface_ln0' <Predicate = true> <Delay = 0.00>
ST_77 : Operation 249 [1/1] (0.00ns)   --->   "%specbitsmap_ln0 = specbitsmap void @_ssdm_op_SpecBitsMap, i128 %gmem2"   --->   Operation 249 'specbitsmap' 'specbitsmap_ln0' <Predicate = true> <Delay = 0.00>
ST_77 : Operation 250 [1/1] (0.00ns)   --->   "%specbitsmap_ln0 = specbitsmap void @_ssdm_op_SpecBitsMap, i32 %size"   --->   Operation 250 'specbitsmap' 'specbitsmap_ln0' <Predicate = true> <Delay = 0.00>
ST_77 : Operation 251 [1/1] (0.00ns)   --->   "%specinterface_ln0 = specinterface void @_ssdm_op_SpecInterface, i32 %size, void @empty_7, i32 0, i32 0, void @empty_3, i32 0, i32 0, void @empty, void @empty_0, void @empty_3, i32 0, i32 0, i32 0, i32 0, void @empty_3, void @empty_3, i32 4294967295, i32 0"   --->   Operation 251 'specinterface' 'specinterface_ln0' <Predicate = true> <Delay = 0.00>
ST_77 : Operation 252 [1/1] (0.00ns)   --->   "%specinterface_ln0 = specinterface void @_ssdm_op_SpecInterface, i32 %size, void @empty_1, i32 0, i32 0, void @empty_3, i32 0, i32 0, void @empty_3, void @empty_3, void @empty_3, i32 0, i32 0, i32 0, i32 0, void @empty_3, void @empty_3, i32 4294967295, i32 0"   --->   Operation 252 'specinterface' 'specinterface_ln0' <Predicate = true> <Delay = 0.00>
ST_77 : Operation 253 [1/1] (0.00ns)   --->   "%specinterface_ln0 = specinterface void @_ssdm_op_SpecInterface, i64 %inputA, void @empty_7, i32 0, i32 0, void @empty_3, i32 0, i32 0, void @empty, void @empty_13, void @empty_3, i32 0, i32 0, i32 0, i32 0, void @empty_3, void @empty_14, i32 4294967295, i32 0"   --->   Operation 253 'specinterface' 'specinterface_ln0' <Predicate = true> <Delay = 0.00>
ST_77 : Operation 254 [1/1] (0.00ns)   --->   "%specinterface_ln0 = specinterface void @_ssdm_op_SpecInterface, i64 %inputA, void @empty_15, i32 0, i32 0, void @empty_3, i32 0, i32 0, void @empty_3, void @empty_3, void @empty_3, i32 0, i32 0, i32 0, i32 0, void @empty_3, void @empty_14, i32 4294967295, i32 0"   --->   Operation 254 'specinterface' 'specinterface_ln0' <Predicate = true> <Delay = 0.00>
ST_77 : Operation 255 [1/1] (0.00ns)   --->   "%specinterface_ln0 = specinterface void @_ssdm_op_SpecInterface, i64 %inputB, void @empty_7, i32 0, i32 0, void @empty_3, i32 0, i32 0, void @empty, void @empty_16, void @empty_3, i32 0, i32 0, i32 0, i32 0, void @empty_3, void @empty_14, i32 4294967295, i32 0"   --->   Operation 255 'specinterface' 'specinterface_ln0' <Predicate = true> <Delay = 0.00>
ST_77 : Operation 256 [1/1] (0.00ns)   --->   "%specinterface_ln0 = specinterface void @_ssdm_op_SpecInterface, i64 %inputB, void @empty_15, i32 0, i32 0, void @empty_3, i32 0, i32 0, void @empty_3, void @empty_3, void @empty_3, i32 0, i32 0, i32 0, i32 0, void @empty_3, void @empty_14, i32 4294967295, i32 0"   --->   Operation 256 'specinterface' 'specinterface_ln0' <Predicate = true> <Delay = 0.00>
ST_77 : Operation 257 [1/1] (0.00ns)   --->   "%specinterface_ln0 = specinterface void @_ssdm_op_SpecInterface, i128 %outA, void @empty_8, i32 1, i32 1, void @empty_10, i32 0, i32 0, void @empty_3, void @empty_3, void @empty_3, i32 0, i32 0, i32 0, i32 0, void @empty_3, void @empty_3, i32 4294967295, i32 0"   --->   Operation 257 'specinterface' 'specinterface_ln0' <Predicate = true> <Delay = 0.00>
ST_77 : Operation 258 [1/1] (0.00ns)   --->   "%specbitsmap_ln0 = specbitsmap void @_ssdm_op_SpecBitsMap, i128 %outA"   --->   Operation 258 'specbitsmap' 'specbitsmap_ln0' <Predicate = true> <Delay = 0.00>
ST_77 : Operation 259 [1/1] (0.00ns)   --->   "%specinterface_ln0 = specinterface void @_ssdm_op_SpecInterface, i128 %outB, void @empty_8, i32 1, i32 1, void @empty_10, i32 0, i32 0, void @empty_3, void @empty_3, void @empty_3, i32 0, i32 0, i32 0, i32 0, void @empty_3, void @empty_3, i32 4294967295, i32 0"   --->   Operation 259 'specinterface' 'specinterface_ln0' <Predicate = true> <Delay = 0.00>
ST_77 : Operation 260 [1/1] (0.00ns)   --->   "%specbitsmap_ln0 = specbitsmap void @_ssdm_op_SpecBitsMap, i128 %outB"   --->   Operation 260 'specbitsmap' 'specbitsmap_ln0' <Predicate = true> <Delay = 0.00>
ST_77 : Operation 261 [1/1] (0.00ns)   --->   "%specinterface_ln0 = specinterface void @_ssdm_op_SpecInterface, i32 0, void @empty_7, i32 0, i32 0, void @empty_3, i32 0, i32 0, void @empty, void @empty_3, void @empty_3, i32 0, i32 0, i32 0, i32 0, void @empty_3, void @empty_3, i32 4294967295, i32 0"   --->   Operation 261 'specinterface' 'specinterface_ln0' <Predicate = true> <Delay = 0.00>
ST_77 : Operation 262 [1/1] (0.00ns)   --->   "%ret_ln53 = ret" [/home/gsorrentino/projects/voted_hdl/voted/fpga/mm2s.cpp:53]   --->   Operation 262 'ret' 'ret_ln53' <Predicate = true> <Delay = 0.00>


============================================================
+ Verbose Summary: Timing violations
============================================================
Target clock period: 3.333ns, clock uncertainty: 0.900ns.

 <State 1>: 1.893ns
The critical path consists of the following:
	wire read operation ('size_read', /home/gsorrentino/projects/voted_hdl/voted/fpga/mm2s.cpp:31) on port 'size' (/home/gsorrentino/projects/voted_hdl/voted/fpga/mm2s.cpp:31) [28]  (1.000 ns)
	'sub' operation ('p_neg', /home/gsorrentino/projects/voted_hdl/voted/fpga/mm2s.cpp:31) [30]  (0.893 ns)

 <State 2>: 1.296ns
The critical path consists of the following:
	'sub' operation ('p_neg_t', /home/gsorrentino/projects/voted_hdl/voted/fpga/mm2s.cpp:31) [33]  (0.890 ns)
	'select' operation ('div', /home/gsorrentino/projects/voted_hdl/voted/fpga/mm2s.cpp:31) [36]  (0.407 ns)

 <State 3>: 1.315ns
The critical path consists of the following:
	'icmp' operation ('icmp_ln47', /home/gsorrentino/projects/voted_hdl/voted/fpga/mm2s.cpp:47) [38]  (0.891 ns)
	'select' operation ('empty', /home/gsorrentino/projects/voted_hdl/voted/fpga/mm2s.cpp:47) [42]  (0.423 ns)

 <State 4>: 2.433ns
The critical path consists of the following:
	'getelementptr' operation ('gmem1_addr', /home/gsorrentino/projects/voted_hdl/voted/fpga/mm2s.cpp:47) [41]  (0.000 ns)
	bus request operation ('empty_23', /home/gsorrentino/projects/voted_hdl/voted/fpga/mm2s.cpp:47) on port 'gmem1' (/home/gsorrentino/projects/voted_hdl/voted/fpga/mm2s.cpp:47) [44]  (2.433 ns)

 <State 5>: 2.433ns
The critical path consists of the following:
	bus request operation ('empty_23', /home/gsorrentino/projects/voted_hdl/voted/fpga/mm2s.cpp:47) on port 'gmem1' (/home/gsorrentino/projects/voted_hdl/voted/fpga/mm2s.cpp:47) [44]  (2.433 ns)

 <State 6>: 2.433ns
The critical path consists of the following:
	bus request operation ('empty_23', /home/gsorrentino/projects/voted_hdl/voted/fpga/mm2s.cpp:47) on port 'gmem1' (/home/gsorrentino/projects/voted_hdl/voted/fpga/mm2s.cpp:47) [44]  (2.433 ns)

 <State 7>: 2.433ns
The critical path consists of the following:
	bus request operation ('empty_23', /home/gsorrentino/projects/voted_hdl/voted/fpga/mm2s.cpp:47) on port 'gmem1' (/home/gsorrentino/projects/voted_hdl/voted/fpga/mm2s.cpp:47) [44]  (2.433 ns)

 <State 8>: 2.433ns
The critical path consists of the following:
	bus request operation ('empty_23', /home/gsorrentino/projects/voted_hdl/voted/fpga/mm2s.cpp:47) on port 'gmem1' (/home/gsorrentino/projects/voted_hdl/voted/fpga/mm2s.cpp:47) [44]  (2.433 ns)

 <State 9>: 2.433ns
The critical path consists of the following:
	bus request operation ('empty_23', /home/gsorrentino/projects/voted_hdl/voted/fpga/mm2s.cpp:47) on port 'gmem1' (/home/gsorrentino/projects/voted_hdl/voted/fpga/mm2s.cpp:47) [44]  (2.433 ns)

 <State 10>: 2.433ns
The critical path consists of the following:
	bus request operation ('empty_23', /home/gsorrentino/projects/voted_hdl/voted/fpga/mm2s.cpp:47) on port 'gmem1' (/home/gsorrentino/projects/voted_hdl/voted/fpga/mm2s.cpp:47) [44]  (2.433 ns)

 <State 11>: 2.433ns
The critical path consists of the following:
	bus request operation ('empty_23', /home/gsorrentino/projects/voted_hdl/voted/fpga/mm2s.cpp:47) on port 'gmem1' (/home/gsorrentino/projects/voted_hdl/voted/fpga/mm2s.cpp:47) [44]  (2.433 ns)

 <State 12>: 2.433ns
The critical path consists of the following:
	bus request operation ('empty_23', /home/gsorrentino/projects/voted_hdl/voted/fpga/mm2s.cpp:47) on port 'gmem1' (/home/gsorrentino/projects/voted_hdl/voted/fpga/mm2s.cpp:47) [44]  (2.433 ns)

 <State 13>: 2.433ns
The critical path consists of the following:
	bus request operation ('empty_23', /home/gsorrentino/projects/voted_hdl/voted/fpga/mm2s.cpp:47) on port 'gmem1' (/home/gsorrentino/projects/voted_hdl/voted/fpga/mm2s.cpp:47) [44]  (2.433 ns)

 <State 14>: 2.433ns
The critical path consists of the following:
	bus request operation ('empty_23', /home/gsorrentino/projects/voted_hdl/voted/fpga/mm2s.cpp:47) on port 'gmem1' (/home/gsorrentino/projects/voted_hdl/voted/fpga/mm2s.cpp:47) [44]  (2.433 ns)

 <State 15>: 2.433ns
The critical path consists of the following:
	bus request operation ('empty_23', /home/gsorrentino/projects/voted_hdl/voted/fpga/mm2s.cpp:47) on port 'gmem1' (/home/gsorrentino/projects/voted_hdl/voted/fpga/mm2s.cpp:47) [44]  (2.433 ns)

 <State 16>: 2.433ns
The critical path consists of the following:
	bus request operation ('empty_23', /home/gsorrentino/projects/voted_hdl/voted/fpga/mm2s.cpp:47) on port 'gmem1' (/home/gsorrentino/projects/voted_hdl/voted/fpga/mm2s.cpp:47) [44]  (2.433 ns)

 <State 17>: 2.433ns
The critical path consists of the following:
	bus request operation ('empty_23', /home/gsorrentino/projects/voted_hdl/voted/fpga/mm2s.cpp:47) on port 'gmem1' (/home/gsorrentino/projects/voted_hdl/voted/fpga/mm2s.cpp:47) [44]  (2.433 ns)

 <State 18>: 2.433ns
The critical path consists of the following:
	bus request operation ('empty_23', /home/gsorrentino/projects/voted_hdl/voted/fpga/mm2s.cpp:47) on port 'gmem1' (/home/gsorrentino/projects/voted_hdl/voted/fpga/mm2s.cpp:47) [44]  (2.433 ns)

 <State 19>: 2.433ns
The critical path consists of the following:
	bus request operation ('empty_23', /home/gsorrentino/projects/voted_hdl/voted/fpga/mm2s.cpp:47) on port 'gmem1' (/home/gsorrentino/projects/voted_hdl/voted/fpga/mm2s.cpp:47) [44]  (2.433 ns)

 <State 20>: 2.433ns
The critical path consists of the following:
	bus request operation ('empty_23', /home/gsorrentino/projects/voted_hdl/voted/fpga/mm2s.cpp:47) on port 'gmem1' (/home/gsorrentino/projects/voted_hdl/voted/fpga/mm2s.cpp:47) [44]  (2.433 ns)

 <State 21>: 2.433ns
The critical path consists of the following:
	bus request operation ('empty_23', /home/gsorrentino/projects/voted_hdl/voted/fpga/mm2s.cpp:47) on port 'gmem1' (/home/gsorrentino/projects/voted_hdl/voted/fpga/mm2s.cpp:47) [44]  (2.433 ns)

 <State 22>: 2.433ns
The critical path consists of the following:
	bus request operation ('empty_23', /home/gsorrentino/projects/voted_hdl/voted/fpga/mm2s.cpp:47) on port 'gmem1' (/home/gsorrentino/projects/voted_hdl/voted/fpga/mm2s.cpp:47) [44]  (2.433 ns)

 <State 23>: 2.433ns
The critical path consists of the following:
	bus request operation ('empty_23', /home/gsorrentino/projects/voted_hdl/voted/fpga/mm2s.cpp:47) on port 'gmem1' (/home/gsorrentino/projects/voted_hdl/voted/fpga/mm2s.cpp:47) [44]  (2.433 ns)

 <State 24>: 2.433ns
The critical path consists of the following:
	bus request operation ('empty_23', /home/gsorrentino/projects/voted_hdl/voted/fpga/mm2s.cpp:47) on port 'gmem1' (/home/gsorrentino/projects/voted_hdl/voted/fpga/mm2s.cpp:47) [44]  (2.433 ns)

 <State 25>: 2.433ns
The critical path consists of the following:
	bus request operation ('empty_23', /home/gsorrentino/projects/voted_hdl/voted/fpga/mm2s.cpp:47) on port 'gmem1' (/home/gsorrentino/projects/voted_hdl/voted/fpga/mm2s.cpp:47) [44]  (2.433 ns)

 <State 26>: 2.433ns
The critical path consists of the following:
	bus request operation ('empty_23', /home/gsorrentino/projects/voted_hdl/voted/fpga/mm2s.cpp:47) on port 'gmem1' (/home/gsorrentino/projects/voted_hdl/voted/fpga/mm2s.cpp:47) [44]  (2.433 ns)

 <State 27>: 2.433ns
The critical path consists of the following:
	bus request operation ('empty_23', /home/gsorrentino/projects/voted_hdl/voted/fpga/mm2s.cpp:47) on port 'gmem1' (/home/gsorrentino/projects/voted_hdl/voted/fpga/mm2s.cpp:47) [44]  (2.433 ns)

 <State 28>: 2.433ns
The critical path consists of the following:
	bus request operation ('empty_23', /home/gsorrentino/projects/voted_hdl/voted/fpga/mm2s.cpp:47) on port 'gmem1' (/home/gsorrentino/projects/voted_hdl/voted/fpga/mm2s.cpp:47) [44]  (2.433 ns)

 <State 29>: 2.433ns
The critical path consists of the following:
	bus request operation ('empty_23', /home/gsorrentino/projects/voted_hdl/voted/fpga/mm2s.cpp:47) on port 'gmem1' (/home/gsorrentino/projects/voted_hdl/voted/fpga/mm2s.cpp:47) [44]  (2.433 ns)

 <State 30>: 2.433ns
The critical path consists of the following:
	bus request operation ('empty_23', /home/gsorrentino/projects/voted_hdl/voted/fpga/mm2s.cpp:47) on port 'gmem1' (/home/gsorrentino/projects/voted_hdl/voted/fpga/mm2s.cpp:47) [44]  (2.433 ns)

 <State 31>: 2.433ns
The critical path consists of the following:
	bus request operation ('empty_23', /home/gsorrentino/projects/voted_hdl/voted/fpga/mm2s.cpp:47) on port 'gmem1' (/home/gsorrentino/projects/voted_hdl/voted/fpga/mm2s.cpp:47) [44]  (2.433 ns)

 <State 32>: 2.433ns
The critical path consists of the following:
	bus request operation ('empty_23', /home/gsorrentino/projects/voted_hdl/voted/fpga/mm2s.cpp:47) on port 'gmem1' (/home/gsorrentino/projects/voted_hdl/voted/fpga/mm2s.cpp:47) [44]  (2.433 ns)

 <State 33>: 2.433ns
The critical path consists of the following:
	bus request operation ('empty_23', /home/gsorrentino/projects/voted_hdl/voted/fpga/mm2s.cpp:47) on port 'gmem1' (/home/gsorrentino/projects/voted_hdl/voted/fpga/mm2s.cpp:47) [44]  (2.433 ns)

 <State 34>: 2.433ns
The critical path consists of the following:
	bus request operation ('empty_23', /home/gsorrentino/projects/voted_hdl/voted/fpga/mm2s.cpp:47) on port 'gmem1' (/home/gsorrentino/projects/voted_hdl/voted/fpga/mm2s.cpp:47) [44]  (2.433 ns)

 <State 35>: 2.433ns
The critical path consists of the following:
	bus request operation ('empty_23', /home/gsorrentino/projects/voted_hdl/voted/fpga/mm2s.cpp:47) on port 'gmem1' (/home/gsorrentino/projects/voted_hdl/voted/fpga/mm2s.cpp:47) [44]  (2.433 ns)

 <State 36>: 2.433ns
The critical path consists of the following:
	bus request operation ('empty_23', /home/gsorrentino/projects/voted_hdl/voted/fpga/mm2s.cpp:47) on port 'gmem1' (/home/gsorrentino/projects/voted_hdl/voted/fpga/mm2s.cpp:47) [44]  (2.433 ns)

 <State 37>: 2.433ns
The critical path consists of the following:
	bus request operation ('empty_23', /home/gsorrentino/projects/voted_hdl/voted/fpga/mm2s.cpp:47) on port 'gmem1' (/home/gsorrentino/projects/voted_hdl/voted/fpga/mm2s.cpp:47) [44]  (2.433 ns)

 <State 38>: 2.433ns
The critical path consists of the following:
	bus request operation ('empty_23', /home/gsorrentino/projects/voted_hdl/voted/fpga/mm2s.cpp:47) on port 'gmem1' (/home/gsorrentino/projects/voted_hdl/voted/fpga/mm2s.cpp:47) [44]  (2.433 ns)

 <State 39>: 2.433ns
The critical path consists of the following:
	bus request operation ('empty_23', /home/gsorrentino/projects/voted_hdl/voted/fpga/mm2s.cpp:47) on port 'gmem1' (/home/gsorrentino/projects/voted_hdl/voted/fpga/mm2s.cpp:47) [44]  (2.433 ns)

 <State 40>: 2.433ns
The critical path consists of the following:
	bus request operation ('empty_23', /home/gsorrentino/projects/voted_hdl/voted/fpga/mm2s.cpp:47) on port 'gmem1' (/home/gsorrentino/projects/voted_hdl/voted/fpga/mm2s.cpp:47) [44]  (2.433 ns)

 <State 41>: 2.433ns
The critical path consists of the following:
	bus request operation ('empty_23', /home/gsorrentino/projects/voted_hdl/voted/fpga/mm2s.cpp:47) on port 'gmem1' (/home/gsorrentino/projects/voted_hdl/voted/fpga/mm2s.cpp:47) [44]  (2.433 ns)

 <State 42>: 2.433ns
The critical path consists of the following:
	bus request operation ('empty_23', /home/gsorrentino/projects/voted_hdl/voted/fpga/mm2s.cpp:47) on port 'gmem1' (/home/gsorrentino/projects/voted_hdl/voted/fpga/mm2s.cpp:47) [44]  (2.433 ns)

 <State 43>: 2.433ns
The critical path consists of the following:
	bus request operation ('empty_23', /home/gsorrentino/projects/voted_hdl/voted/fpga/mm2s.cpp:47) on port 'gmem1' (/home/gsorrentino/projects/voted_hdl/voted/fpga/mm2s.cpp:47) [44]  (2.433 ns)

 <State 44>: 2.433ns
The critical path consists of the following:
	bus request operation ('empty_23', /home/gsorrentino/projects/voted_hdl/voted/fpga/mm2s.cpp:47) on port 'gmem1' (/home/gsorrentino/projects/voted_hdl/voted/fpga/mm2s.cpp:47) [44]  (2.433 ns)

 <State 45>: 2.433ns
The critical path consists of the following:
	bus request operation ('empty_23', /home/gsorrentino/projects/voted_hdl/voted/fpga/mm2s.cpp:47) on port 'gmem1' (/home/gsorrentino/projects/voted_hdl/voted/fpga/mm2s.cpp:47) [44]  (2.433 ns)

 <State 46>: 2.433ns
The critical path consists of the following:
	bus request operation ('empty_23', /home/gsorrentino/projects/voted_hdl/voted/fpga/mm2s.cpp:47) on port 'gmem1' (/home/gsorrentino/projects/voted_hdl/voted/fpga/mm2s.cpp:47) [44]  (2.433 ns)

 <State 47>: 2.433ns
The critical path consists of the following:
	bus request operation ('empty_23', /home/gsorrentino/projects/voted_hdl/voted/fpga/mm2s.cpp:47) on port 'gmem1' (/home/gsorrentino/projects/voted_hdl/voted/fpga/mm2s.cpp:47) [44]  (2.433 ns)

 <State 48>: 2.433ns
The critical path consists of the following:
	bus request operation ('empty_23', /home/gsorrentino/projects/voted_hdl/voted/fpga/mm2s.cpp:47) on port 'gmem1' (/home/gsorrentino/projects/voted_hdl/voted/fpga/mm2s.cpp:47) [44]  (2.433 ns)

 <State 49>: 2.433ns
The critical path consists of the following:
	bus request operation ('empty_23', /home/gsorrentino/projects/voted_hdl/voted/fpga/mm2s.cpp:47) on port 'gmem1' (/home/gsorrentino/projects/voted_hdl/voted/fpga/mm2s.cpp:47) [44]  (2.433 ns)

 <State 50>: 2.433ns
The critical path consists of the following:
	bus request operation ('empty_23', /home/gsorrentino/projects/voted_hdl/voted/fpga/mm2s.cpp:47) on port 'gmem1' (/home/gsorrentino/projects/voted_hdl/voted/fpga/mm2s.cpp:47) [44]  (2.433 ns)

 <State 51>: 2.433ns
The critical path consists of the following:
	bus request operation ('empty_23', /home/gsorrentino/projects/voted_hdl/voted/fpga/mm2s.cpp:47) on port 'gmem1' (/home/gsorrentino/projects/voted_hdl/voted/fpga/mm2s.cpp:47) [44]  (2.433 ns)

 <State 52>: 2.433ns
The critical path consists of the following:
	bus request operation ('empty_23', /home/gsorrentino/projects/voted_hdl/voted/fpga/mm2s.cpp:47) on port 'gmem1' (/home/gsorrentino/projects/voted_hdl/voted/fpga/mm2s.cpp:47) [44]  (2.433 ns)

 <State 53>: 2.433ns
The critical path consists of the following:
	bus request operation ('empty_23', /home/gsorrentino/projects/voted_hdl/voted/fpga/mm2s.cpp:47) on port 'gmem1' (/home/gsorrentino/projects/voted_hdl/voted/fpga/mm2s.cpp:47) [44]  (2.433 ns)

 <State 54>: 2.433ns
The critical path consists of the following:
	bus request operation ('empty_23', /home/gsorrentino/projects/voted_hdl/voted/fpga/mm2s.cpp:47) on port 'gmem1' (/home/gsorrentino/projects/voted_hdl/voted/fpga/mm2s.cpp:47) [44]  (2.433 ns)

 <State 55>: 2.433ns
The critical path consists of the following:
	bus request operation ('empty_23', /home/gsorrentino/projects/voted_hdl/voted/fpga/mm2s.cpp:47) on port 'gmem1' (/home/gsorrentino/projects/voted_hdl/voted/fpga/mm2s.cpp:47) [44]  (2.433 ns)

 <State 56>: 2.433ns
The critical path consists of the following:
	bus request operation ('empty_23', /home/gsorrentino/projects/voted_hdl/voted/fpga/mm2s.cpp:47) on port 'gmem1' (/home/gsorrentino/projects/voted_hdl/voted/fpga/mm2s.cpp:47) [44]  (2.433 ns)

 <State 57>: 2.433ns
The critical path consists of the following:
	bus request operation ('empty_23', /home/gsorrentino/projects/voted_hdl/voted/fpga/mm2s.cpp:47) on port 'gmem1' (/home/gsorrentino/projects/voted_hdl/voted/fpga/mm2s.cpp:47) [44]  (2.433 ns)

 <State 58>: 2.433ns
The critical path consists of the following:
	bus request operation ('empty_23', /home/gsorrentino/projects/voted_hdl/voted/fpga/mm2s.cpp:47) on port 'gmem1' (/home/gsorrentino/projects/voted_hdl/voted/fpga/mm2s.cpp:47) [44]  (2.433 ns)

 <State 59>: 2.433ns
The critical path consists of the following:
	bus request operation ('empty_23', /home/gsorrentino/projects/voted_hdl/voted/fpga/mm2s.cpp:47) on port 'gmem1' (/home/gsorrentino/projects/voted_hdl/voted/fpga/mm2s.cpp:47) [44]  (2.433 ns)

 <State 60>: 2.433ns
The critical path consists of the following:
	bus request operation ('empty_23', /home/gsorrentino/projects/voted_hdl/voted/fpga/mm2s.cpp:47) on port 'gmem1' (/home/gsorrentino/projects/voted_hdl/voted/fpga/mm2s.cpp:47) [44]  (2.433 ns)

 <State 61>: 2.433ns
The critical path consists of the following:
	bus request operation ('empty_23', /home/gsorrentino/projects/voted_hdl/voted/fpga/mm2s.cpp:47) on port 'gmem1' (/home/gsorrentino/projects/voted_hdl/voted/fpga/mm2s.cpp:47) [44]  (2.433 ns)

 <State 62>: 2.433ns
The critical path consists of the following:
	bus request operation ('empty_23', /home/gsorrentino/projects/voted_hdl/voted/fpga/mm2s.cpp:47) on port 'gmem1' (/home/gsorrentino/projects/voted_hdl/voted/fpga/mm2s.cpp:47) [44]  (2.433 ns)

 <State 63>: 2.433ns
The critical path consists of the following:
	bus request operation ('empty_23', /home/gsorrentino/projects/voted_hdl/voted/fpga/mm2s.cpp:47) on port 'gmem1' (/home/gsorrentino/projects/voted_hdl/voted/fpga/mm2s.cpp:47) [44]  (2.433 ns)

 <State 64>: 2.433ns
The critical path consists of the following:
	bus request operation ('empty_23', /home/gsorrentino/projects/voted_hdl/voted/fpga/mm2s.cpp:47) on port 'gmem1' (/home/gsorrentino/projects/voted_hdl/voted/fpga/mm2s.cpp:47) [44]  (2.433 ns)

 <State 65>: 2.433ns
The critical path consists of the following:
	bus request operation ('empty_23', /home/gsorrentino/projects/voted_hdl/voted/fpga/mm2s.cpp:47) on port 'gmem1' (/home/gsorrentino/projects/voted_hdl/voted/fpga/mm2s.cpp:47) [44]  (2.433 ns)

 <State 66>: 2.433ns
The critical path consists of the following:
	bus request operation ('empty_23', /home/gsorrentino/projects/voted_hdl/voted/fpga/mm2s.cpp:47) on port 'gmem1' (/home/gsorrentino/projects/voted_hdl/voted/fpga/mm2s.cpp:47) [44]  (2.433 ns)

 <State 67>: 2.433ns
The critical path consists of the following:
	bus request operation ('empty_23', /home/gsorrentino/projects/voted_hdl/voted/fpga/mm2s.cpp:47) on port 'gmem1' (/home/gsorrentino/projects/voted_hdl/voted/fpga/mm2s.cpp:47) [44]  (2.433 ns)

 <State 68>: 2.433ns
The critical path consists of the following:
	bus request operation ('empty_23', /home/gsorrentino/projects/voted_hdl/voted/fpga/mm2s.cpp:47) on port 'gmem1' (/home/gsorrentino/projects/voted_hdl/voted/fpga/mm2s.cpp:47) [44]  (2.433 ns)

 <State 69>: 2.433ns
The critical path consists of the following:
	bus request operation ('empty_23', /home/gsorrentino/projects/voted_hdl/voted/fpga/mm2s.cpp:47) on port 'gmem1' (/home/gsorrentino/projects/voted_hdl/voted/fpga/mm2s.cpp:47) [44]  (2.433 ns)

 <State 70>: 2.433ns
The critical path consists of the following:
	bus request operation ('empty_23', /home/gsorrentino/projects/voted_hdl/voted/fpga/mm2s.cpp:47) on port 'gmem1' (/home/gsorrentino/projects/voted_hdl/voted/fpga/mm2s.cpp:47) [44]  (2.433 ns)

 <State 71>: 2.433ns
The critical path consists of the following:
	bus request operation ('empty_23', /home/gsorrentino/projects/voted_hdl/voted/fpga/mm2s.cpp:47) on port 'gmem1' (/home/gsorrentino/projects/voted_hdl/voted/fpga/mm2s.cpp:47) [44]  (2.433 ns)

 <State 72>: 2.433ns
The critical path consists of the following:
	bus request operation ('empty_23', /home/gsorrentino/projects/voted_hdl/voted/fpga/mm2s.cpp:47) on port 'gmem1' (/home/gsorrentino/projects/voted_hdl/voted/fpga/mm2s.cpp:47) [44]  (2.433 ns)

 <State 73>: 2.433ns
The critical path consists of the following:
	bus request operation ('empty_23', /home/gsorrentino/projects/voted_hdl/voted/fpga/mm2s.cpp:47) on port 'gmem1' (/home/gsorrentino/projects/voted_hdl/voted/fpga/mm2s.cpp:47) [44]  (2.433 ns)

 <State 74>: 2.433ns
The critical path consists of the following:
	bus request operation ('empty_23', /home/gsorrentino/projects/voted_hdl/voted/fpga/mm2s.cpp:47) on port 'gmem1' (/home/gsorrentino/projects/voted_hdl/voted/fpga/mm2s.cpp:47) [44]  (2.433 ns)

 <State 75>: 1.353ns
The critical path consists of the following:
	'call' operation ('call_ln47', /home/gsorrentino/projects/voted_hdl/voted/fpga/mm2s.cpp:47) to 'mm2s_Pipeline_VITIS_LOOP_47_1' [50]  (1.353 ns)

 <State 76>: 2.433ns
The critical path consists of the following:
	'call' operation ('call_ln47', /home/gsorrentino/projects/voted_hdl/voted/fpga/mm2s.cpp:47) to 'mm2s_Pipeline_VITIS_LOOP_47_1' [50]  (2.433 ns)

 <State 77>: 0.000ns
The critical path consists of the following:


============================================================
+ Verbose Summary: Binding
============================================================
N/A
* FSMD analyzer results:
  - Output states:
 - Input state : 
  - Chain level:
	State 1
	State 2
	State 3
	State 4
	State 5
	State 6
	State 7
	State 8
	State 9
	State 10
	State 11
	State 12
	State 13
	State 14
	State 15
	State 16
	State 17
	State 18
	State 19
	State 20
	State 21
	State 22
	State 23
	State 24
	State 25
	State 26
	State 27
	State 28
	State 29
	State 30
	State 31
	State 32
	State 33
	State 34
	State 35
	State 36
	State 37
	State 38
	State 39
	State 40
	State 41
	State 42
	State 43
	State 44
	State 45
	State 46
	State 47
	State 48
	State 49
	State 50
	State 51
	State 52
	State 53
	State 54
	State 55
	State 56
	State 57
	State 58
	State 59
	State 60
	State 61
	State 62
	State 63
	State 64
	State 65
	State 66
	State 67
	State 68
	State 69
	State 70
	State 71
	State 72
	State 73
	State 74
	State 75
	State 76
	State 77


============================================================
+ Verbose Summary: Datapath Resource usage 
============================================================
N/A
